第A01版：,头版,2016-02/17,小孩将要开学家长恶补作业,【A04版】
第A01版：,头版,2016-02/17,随便一小店都是一车站,【A09版】
第B03版：,人物,2016-02/17,循道途中那束不灭的光,编者按：老胡每年写给建业人的新年寄语，早已成为地产界的期待与阅读习惯。这些独特的书写既是指导企业发展的精神总纲，脉络清晰，思考严谨,也是对于企业实践思考最生动的记录文献。规律为道。循道而为，不惧陌路。从农历壬申到丙申，两个地支轮回，24年，建业人在探寻企业生存之道和成长之道的途中，既是行者，亦是耕者――春耕、夏耘、秋收、冬藏，一路前行，殷实坚定。行进途中，且行且思，且思且得，最深的感悟是：全力满足客户需求就是企业经营永远正确的方向！1994年，为了“河南人”这一建业人心中最大的客户群，建业毅然扛起了“河南建业足球”的大旗，22年，一路风雨……同年，为了向业主提供规范的物业服务，河南首家专业物业管理企业“河南建业物业管理有限公司”宣告成立。1996年，为了小区业主的孩子们能够获得更高标准的幼教服务，河南首家双语教学幼教机构“建业小哈佛双语幼儿园”落成，次年，建业小哈佛双语学校建成开学。1998年，国家为了拉动经济快速增长，出台了一系列鼓励和支持城市居民购房需求的政策，因此，这一年可以称为中国房地产业大发展的元年，也是客户刚性需求爆发的一年，建业将城市高端消费人群的改善性需求作为企业经营的重点方向，提出了“为有房人造房”。1999年，建业在第一个社区金水花园的开发接近尾声时，大胆地在全省的房展会上举行“建业反思日”，公开接受客户的集中投诉，向社会展示企业诚恳待客的诚心和决心。2001年，建业率先提出“谁拥有了客户，谁就拥有了未来”的“客户观”，并组建了“建业会”，为企业的省域化战略在全省布局的展开着手基础的铺垫。2004年，建业在陆续进入大部分地级城市后，适时在集团设立了“客户服务中心”，提出了“发现需求、满足需求、引导需求、创造需求”是企业经营的要义,也是企业生存前提的“经营观”。2006年，建业与郑州金博大购物中心合作，举办“建业客户购物专场”活动，进一步确立“建业房产，身份象征”的服务目标。2009年，受全球金融危机的冲击，我国房地产市场急速降温，一些龙头企业也开始带头降价促销，致使行业出现群体性恐慌。建业人在逆势中镇定从容，利用市场低迷空隙，果敢地在企业内部刮起一场“百日风暴”，开展“琢玉行动”，使大小600余项由于快速发展而积压的房屋质量瑕疵和服务“欠账”集中得以清理，也让全体员工对产品质量和服务水平与企业品牌美誉度的关系有了进一步的认识。2011年，在建业雅乐轩酒店开业仪式上，“建业大服务体系建设规划”首次对媒体公开发布，描绘了在全省建设“地域、时间、功能无盲点服务体系”的宏伟目标，明确了服务体系在建业核心竞争力中的重要地位，不断重申客户之于企业的重要意义。2012年，为解决全省客户“菜篮子、花篮子、果篮子”及周末休闲度假的升级需求，建业引进荷兰的鲜切花技术及以色列的灌溉设备，投巨资兴建了占地5000亩的绿色基地。2014年，《建业版“私人订制”的价值》更加深刻地指出了大服务体系之于建业实施战略突围的意义，更加清晰地梳理了建业客户资源的比较优势，更加具体地描述了服务体系的落地目标，要求全体建业人“必须从提高认识开始，全员参与、加强学习、加大投入、持续推进”。同时指出：“待‘建业版私人订制’可以作为企业的服务产品提供给客户时，建业将完成由房地产开发商向客户新型生活方式服务商的转型。”2015年，《寻找建业的蓝海》在展望2030年的河南时，激动于“3500万人要进城，需新增住房10亿平方米”，决心“用自己的坚守与耕耘，取10%市场份额；以社区、商业物业、酒店、幼儿园和学校、足球、绿色基地和物业管理等线上线下所有资源，精心服务1000万人”。成立“嵩云科技”，正式搭建服务资源整合平台。继南阳、漯河、郑州等地四家酒店相继落成后，这一年，开封建业铂尔曼酒店荣耀开业，郑州建业5D生活馆精彩亮相。2016年，以会员制服务客户的“建业君邻会”即将成立，协助客户分享建业各类服务资源的支付工具“建业通宝”也将发行，嵩云科技服务业主客户的“一家”和服务球迷客户的“建业足球”等APP产品也将不断升级――这一年，将是建业服务资源大整合的关键节点。季复一季，年复一年，一路探索，一路创新。住房、体育、教育、文化、旅游、社区生活、投资兴业――客户生活需求的不断升级和日益丰富多元，就是企业战略转型致力的方向，就是照亮建业人循道途中那束不灭的光。心中装着客户，建业人永远不会迷茫！
第B02版：,策划,2016-02/17,p30,,
第B04版：,综合,2016-02/17,农民工解决三四线城市库存,□记者孙煊哲陈振兴核心提示|2015年底，中央为2016年房地产行业定下基调――去库存，提出通过加快农民工市民化，扩大有效需求，打通供需通道，消化库存，稳定房地产市场。业内人士称，郑州的库存压力并不大，“靠农民工去库存不现实，农民工主要解决三四线城市的库存。”调查显示，八成以上农民工愿意在县城买房，他们为什么愿意在县城买房,他们的购买力究竟如何？记者对郑州、新乡、原阳等地进行了调查。[省会]挣得不少，依然买不起房孙志明来自扶沟县的一个小村庄，今年32岁，和媳妇在郑州打工已经10年了。他在一家印刷厂上班，几年的技术积累使他现在每月能拿到5000多元，媳妇在另外一家工厂上班，每月也有4000元的工资进账。除去吃住，俩人每月能存6500元。钱包慢慢地鼓了起来，1年前他们在县城买了一套80平米的房。“小孩7岁多了，想着在县城上学能得到更好的教育。”当问及为什么不在郑州买房时，他回答道：“一来，经济不允许，动辄几十万的首付实在买不起，除非房子降价。二来，老人住郑州那样的大城市也不习惯，县城离老家近些，回老家也更方便些。”据郑州市房管局发布的“郑房指数”显示，去年，郑州市商品房销售均价达9262元/平方米，这对远超全国农民工平均工资2864元的孙志明来说，压力依然不小。不过在县城买房压力就相对小很多。“在老家扶沟县，均价2700到2800元每平米，首付只需几万块钱，基本无压力。”志明说。据《河南农民城镇化意愿调查》报告显示，八成以上农民愿意进城落户，其中绝大多数愿意落户在县（市）。在愿意进城的农民中，有八成是为了子女能接受更好的教育，有九成年龄在16~35岁之间。[地市]政策虽好，还是太贵[县城]买得起，却没有优惠政策2015年年末，新乡市出台了购房优惠政策：即日起至2016年12月31日前,在新乡市区购买新建普通商品住房(144O以下)的各县(市)、区农民或外来人员，市财政给予150元/O的购房补贴；新乡户籍家庭,2016年1月1日至12月31日前,在新乡市区购买新建普通商品住房(144O以下)的,市财政给予实缴契税50%的补贴；农民进城购房落户后,其子女还可享受到与城镇居民子女同等的义务教育待遇。即使这么多优惠政策，也难以让普通农民工在新乡市区买房。新乡市牧野大道一处售楼大厅内，置业顾问朱女士称，“这些政策优惠下来能省2万元左右，但是依然难以吸引农民工来市区买房，房价对他们来说还是有些高。”中指研究院数据显示，2015年12月份，新乡新建住宅均价为4095元/O。在原阳县安泰街一处售楼大厅内，小刘正和几个亲戚一起选房。他也是在外打工，提前回来就是准备年前把婚事定下来，女方家要求“必须有房”。打工几年的积蓄加上父亲给的，小刘在县城首付买房压力不算大。小刘的父亲说，“就算女方家不要求，我也打算给儿子买房。”专家农民工主要解决三四线城市的库存据河南省房管部门统计，截至2015年11月底，河南省商品房库存面积11165万平方米，同比增长7.6%，去化周期17个月。这其中，有7个县市去化周期超过36个月，有32个县市去化周期在18个至36个月之间，郑州的库存消化周期为9个月。按地产界通常的说法，去化周期12个月左右说明供需相对平衡，超过这个点，就会有去库存的压力。郑州大学公共管理学院社会学教授纪德尚表示，“加快城乡一体化的建设是大趋势，以农民工现在的收入来看，依靠农民工去库存是不现实的。”他说，“房地产的库存主要集中在三四线城市，靠农民工去库存主要是解决三四线城市的库存压力。”纪德尚称，依靠农民工去库存不仅仅是让农民工在城市里买房，政府还应该提供一些支持。比如提供一些工作岗位，让农民工有稳定的收入，解决教育医疗等问题，才能让农民工真正地在城市里扎根。
第B04版：,综合,2016-02/17,郑州楼市太火爆专家建议早买房,第B05版：,热点,2016-02/17,房租普涨 10%催生合租“热”,□记者殷淑娟李飞核心提示|刚从老家过完年回郑州的小刘这两天心里有点堵。昨日，她和男朋友租住的西史赵小区房东敲开了他们的房门，通知他们从下个月起，他们租住的65平方小两房房租每个月从1900元涨到2300元。小刘和男朋友小邓商量，要不就搬家再找个一室一厅的小房子，要不就把另一间房子转租出去，以补贴涨价的租金。昨日，记者调查后发现，春节过后，随着一大波返工潮的到来及庙李、刘庄等城中村贴出拆迁时间表等因素的叠加，郑州租房价格普通上涨近10%，而房租上涨也催生出租房屋合租“热”。郑漂族节后找房成头等大事“春节最难办的事情是买火车票，春节后最难办的事情是租房子。”21世纪不动产郑州区域总经理王川告诉记者，节前节后虽然时间不长，租房价格却相差甚远。从他们各个门店反馈的情况来看，2016年春节过后，租金总体呈现稳中有升，租金涨了5%-10%。老家在信阳的陈诚今年初三就告别父母，从信阳返郑，而春节假期的最后几天，他和女朋友主要精力就放在了找房子上。两人原来在庙李租住了一套一室一厅的房子，但因为庙李拆迁，他们不得不换房子。陈诚说告诉记者：“自己和女朋友刚工作两年，家庭条件也不是特别好，工作也不是很稳定，所以暂时不考虑买房。”他所在的公司在百脑汇，这附近的房租真是贵，50平方左右的每月租金都在1800以上。北环以外中方园小区100平方米左右的租金都涨到了3000左右。陈诚说，要是实在找不到合适的房子，就准备和别人合租了。据了解，近日，目前，庙李、刘庄、高皇寨等城中村都张贴了拆迁公告。要求在3月21日前清空房屋。早在去年年底，就有陈寨、庙李、刘庄、柳林等8个城中村将在2016年年内拆迁完毕的新闻消息，附近小区的租房价格都开始水涨船高。但春节前很多在这些城中村居住的租客基本都是抱着“能多住一天算一天”的心态，毕竟城中村的房租还是便宜。春节过后，当拆迁公告正式贴到了村头，搬家换房就成了这些年轻人的头等大事，据王川介绍，21世纪不动产各门店初七第一天上班，当天北环、文化路附近的门店来咨询租房的年轻人比较多，估计多是受陈寨、庙李城中村拆迁影响，而初七成交的有几套都是蓝堡湾小区及附近的小区公寓房。王川告诉记者，春节后租房价格贵成了常态。首先，返乡过年的务工人员就能迅速催旺二手房租赁市场，接着，一些招聘会陆续开始，学生租房找工作的增多。另外，不少陪小孩读书的家长，年后会选择在补习班及学校的附近租房等，这些都导致春节后租房热，租房难。据估算，居住在郑州金水区陈寨、庙李、高皇寨、柳林等12个城中村的郑漂有约40万人，这些人的搬迁将使郑州节后租房难和租金上涨愈演愈烈。租金涨催生“合租热”“一个人住单人公寓条件可能差一点，而且价钱也不算低，但是租套房就太贵了，所以我觉得，找两个人合租个三室的房子，那样条件还好，付房租也轻松。”正在租房的小李告诉记者。而在西史赵小区租房的小刘和男朋友小邓权衡再三，决定把自己租的两居室的房子另一间卧室腾出来，挂到网上寻找合租人。小刘说，虽然与别人合租给生活带来了很多不便，但因为房租涨太高了，搬家再找房子一是麻烦，二是也很难寻到合适的房子，不如把另一个卧室租出去，分担一下租金压力。小邓告诉记者，房子挂到网上刚一天，打电话咨询的人就很多，因为庙李拆迁在即，这两天在附近找房的年轻人特别多。很多年轻人放弃个人租住单人公寓的念头，在正规的商品房小区内寻找合租房。面对合租市场的崛起，不少房屋中介也积极参与其中，一家房屋中介工作人员称，比较起来的话合租可以花同样的钱，寻找到条件相对较好的小区，“合租的话租两室、三室肯定划算一些，就像一个两室的房子，一个月一千多块钱，精装修的一千七八，带全套家电，两三个人分摊也不算太多”。拼房合租问题多虽然合租省钱，但是市民在选择合租时也要特别注意，避免遭遇“二房东”，交了房租却“无家可归”。在郑州一高校上大四的学生小谢年前找了家单位实习，当时在单位附近租个房子，跟所租房子内自称房东的郭先生匆匆签了租房协议，约定租期半年，月租金600元。但刚搬进去没多久，真正的房主找上门，告诉他，郭某只是“二房东”，所签合同马上到期，其无权将房屋转租，小谢不仅交的押金和租金“打了水漂”，还被要求尽快搬出住房。记者登录一些网站寻找租房信息，并通过电话与出租者进行了联系。当记者要求对方出示房产证以及签订正式的租房合同时，结果发现网上“单间出租”的几乎都是“二房东”，他们是从原房东手里租下整套房子，然后再分出单房转租给他人。记者还了解到，传统的中介服务会对房主的身份进行审核，为承租人提供安全保证，而一般的租房网站只是信息发布平台，缺少对出租人身份和房源的审核，一切风险都由承租人自己承担。因此，记者提醒，在租房签订协议前，需要仔细查看房主产权证明和房主身份证，确认两证是否统一，并索取复印件作为合同附件，如果出租人是二房东，那么在签订租房合同时，还应注意二房东与房东的合同中有无同意对外再行出租的问题，如果没有合同就无效。另外，最好将房屋内家电的运作情况、家居的完好程度等清楚写入清单内,与房东约定出故障时维修费用由谁承担以及责任划分,避免入住后产生矛盾。
第B01版：,大河楼市,2016-02/17,地产班干部“围炉夜话”,第A16版：,综合,2016-02/17,“这点奖金不配 147”,第A16版：,综合,2016-02/17,省青少年足球冬令营开营,□记者王小娟本报讯昨日上午，河南省首届纽崔莱“为足球，爱奔跑”青少年足球冬令营在郑州大学体育学院足球场正式开营，本次冬令营由河南省足球协会主办，中国郑开国际马拉松执委会承办，共有来自全省的20余名中小学生参加了本次冬令营。春节前夕，大河报联合郑开马拉松共同发出青少年足球冬令营征集令，不到3天名额就全部报满。据了解，此次活动善款是由2015年安利公司联合郑开马拉松组委会推出的足球季慢跑活动募捐而来，全部用于发展青少年足球。昨日，郑开国际马拉松执委会主任刘斌表示，希望通过本次冬令营从河南各地召集一批有一定足球基础的小学生，经过短期训练后，使他们在足球素养方面有一定的提高，同时可以培养他们的组织性、纪律性，也可以培养勇于进取、坚韧不拔的赛场意志。
第A15版：,品鉴,2016-02/17,不看脸只听歌,□记者张丛博这里不是巴黎时装秀，否则个子不高、头发蓬乱的艾德・希兰不会登台。也不是奥斯卡，否则微胖界小妞梅根・特瑞娜捧得奖杯的难度会更高。这是昨天刚落幕的第58届格莱美音乐奖颁奖礼，在看脸的世界里，这里只听好声音。连续三年入围格莱美的艾德・希兰终于夺得了“最佳流行歌手”，特瑞娜在拿下“最佳新人”奖后喜极而泣。对了，还有颁奖礼上，身材同样不算完美的阿黛尔开嗓献唱，而她已收获了10座格莱美奖杯。不禁回想《中国好声音》节目风靡之初，打动人的正是只闻其声不见其人的纯粹。艾德・希兰因为经常穿的衣服就那么几件，曾被杂志评为“最差着装”。他不在乎这个，依旧前一天穿什么表演时就穿什么，他追求的不是华丽的舞台，而是华丽的音乐。特瑞娜大概也是这一路的，她把自信的气势甩进歌词里：“快点告诉那些瘦得像皮包骨般的妹子，姐我回来了！我知道你认为自己很胖，但今天我在这里，就是要告诉你：你身上的每一寸均是完美无瑕，从头到脚都是如此。”都知道荣誉能让人长脸，拿了格莱美当然会觉得有面子。不过，有没有格莱美又能怎样？一年前，艾德・希兰来中国时曾说过：“成功与否不能拿奖杯来衡量，能拿到格莱美固然很好，但它绝对不是定义我艺术家身份的必要条件。”这句话，想必肯德里克・拉马尔会认同，这位本届提名大热门在综合类大奖中全部失败。如果不是用才华继续吸引听众，而是依赖过往光环沦为娱乐大众的角色，总会让人难过。有没有格莱美，音乐就在那里，莫让乱花迷了眼。本届格莱美还有一个赢家，泰勒・斯威夫特。中国歌迷喜欢叫她“霉霉”，因为她每次冲击单曲榜单冠军时，都会倒霉地屈居亚军。或许这个名号将消失了，她凭借新专辑《1989》夺下年度最佳专辑奖。在中国，相貌普通的徐佳莹，从小众音乐走红到了电视荧屏，不忘初心，“就算有一天牙掉了，也要写一首掉牙的歌”。世界再怎么看脸，音乐依旧没有国界，不分种族，不问过去。非洲马拉维一所监狱的囚犯组合出乎意料地获得了格莱美音乐奖的提名，中国歌手孙楠获得了由格莱美主席亲授的“主席荣誉奖”。在看脸的世界闯荡，有才华远远足够。毕竟，相貌可以整容PS，好声音得靠实力，哪个更靠谱呢？
第A14版：,证券,2016-02/17,重心逐步上移反弹有望延续,受外围市场大幅反弹的影响，周二沪深两市双双跳空高开，振荡上扬，大盘突破2800点整数关口，并站上5日和10日均线，最高冲到2840点，随后，在BOLL线的中轨（2833点）处遇到压力，经过高位盘整，最终收报2836点，上涨3.29%。从四大指数看，涨幅最大的是创业板指数为4.02%。显示“题材+小盘股”受到市场的青睐。两市有180只股票涨停，没有跌停的股票。上涨家数远超过下跌家数，普涨格局明显，超跌反弹是主要特点。人民币汇率上涨、欧美以及亚洲股市大幅反弹等都给A股反弹带来了契机，而李克强总理的讲话对稳定金融市场作用明显。消息面和技术面形成共振，带来了周二市场的上涨。从盘面看，钢铁、海运、移动支付以及软件等都有较好的表现，供给侧改革、海洋经济迈出新台阶以及苹果支付入华时间确定等都带来了个股的上涨。黄金板块、移动支付板块的轮动表现，显示资金开始活跃，低位承接能力增强。但是能否形成趋势性上涨，还需观察。基本面上，央行公布了2016年1月金融数据报告，1月末，广义货币（M2）和人民币新增贷款都出现了较快的增长。显示政府投资以及房地产的需求改善，稳定了经济增长预期。但同时也看到，宽松的流动性，也使得央行可操作空间降低，降准降息或延后。从技术上看，大盘主要压力位在BOLL线中轨处，有效越过BOLL线中轨，短线仍将上行。否则，只能以短线操作为主，把握高抛低吸的节奏。操作上，投资者可关注虚拟现实概念、两会主题投资以及黄金个股的避险概念。民生证券
第A15版：,品鉴,2016-02/17,西部牛仔式的武侠片,第A11版：,综合,2016-02/17,不弃核，政权会瓦解,韩国总统朴槿惠16日在国会发表措辞罕见强硬的演讲，誓言将对朝鲜实施“强硬而有效的措施”，使其“认识到发展核武器只会加速政权瓦解”。美联社认为，韩国高级官员关于朝鲜的讲话中很少出现“政权瓦解”这一字眼，朴槿惠此番言论势必会激怒朝方。朴槿惠说，“很明显，朝鲜并不想讨论弃核”，也“无意追求和平”。“金正恩一路狂奔，如果不作出改变，随着时间推移，朝鲜很有可能会开始部署核弹头导弹。”朴槿惠说。一周前，韩国政府宣布，将无限期全面中断开城工业园区运营。开城工业园区是朝韩双方经济合作的最主要成果，也成为双方关系冷暖的重要晴雨表。对于园区关闭，朴槿惠说，“中断开城工业园区只是与国际社会一同进行制裁的开始而已”。朴槿惠认为，多年以来，韩国已经对来自朝鲜的挑衅渐生“麻木”，“是时候找出根本解决方法，并拿出勇气付诸行动。”新华社
第A10版：,综合,2016-02/17,理想伴侣最低月薪 6701元?,找对象该不该门当户对?恋爱起步价太高“恋不起”怎么办?国内互联网婚恋交友平台世纪佳缘通过对全国14697名单身人士的调查(男女比例近1比1)，前天发布2015年度中国男女婚恋观调查报告，内容涵盖交友及择偶方式、生活消费理念等方面。在对理想的另一半收入要求上，不同地区不同年龄阶层要求各不相同。其中女性认为理想伴侣的最低月薪为6701元，80后女性对恋爱起步价要求最高，为6993元，90后对恋爱起步价要求相对偏低，为6534元。各个地区的数据显示，华南地区的男性和华北地区的女性恋爱起步价最高，其中，有房也成为很多女性结婚的硬性条件，不能降低。有意思的是，在另一半工资卡是否上交的问题上，74%女性的态度是“不主动、不拒绝”，而月薪过万的男性最希望金钱自由，不肯交出工资卡的比例最高。不同年龄段中，80后女性管钱欲最强，78%的女性会主动要或接受对方的工资卡。未婚男女最关注点有差异在认为“婚姻应该门当户对”的观点上，33%的男性和50%的女性表示赞同，远高于反对比例，无论男女，学历越高思想越传统，认为“婚姻应该门当户对”的比例越高，其中硕士及以上的人群，男性和女性的占比分别高达58%和73%。在全国各个省份中，上海男性对“门当户对”的认同度最高，达46%。调查显示，在婚恋网站搜索心仪对象时，男性最关注的关键词前三位分别为“外形条件(68%)、年龄(64%)和学历(25%)”，女性最关注的关键词则为“年龄(61%)、外形条件和收入(均为60%)、有房(46%)”。“低头”易造成恋爱失败调查显示，单身群体中，男性的孤独感要普遍高于女性。其中，学历较低，收入较低的群体，其孤独感便越高。高中学历以下，以及月收入2000元以下的男性，孤独指数为77分(满分100)，女性则分别为69分和70分，远高于其他学历和收入人群。而在各年龄层中，90后的孤独指数最高，其中男性为75分，女性为68分。数字时代，“低头”现象正在成为影响年轻人面对面交流的障碍。有45%的男性和50%的女性单身人群认为无意识的“低头”在生活中已经影响到人们之间的交流与互动，而间接造成单身，所以更加不能被忽视。与此同时，“对方是否及时回复消息及接听电话”也成为影响“恋爱安全感”的要素之一。Y据新民晚报
第A11版：,综合,2016-02/17,欧洲央行考虑废除面值500欧元钞票,第A09版：,社会,2016-02/17,春节打工大学生获赠电脑和千元生活费,□记者余淼文洪波摄影本报讯昨天早上6点，结束了15天寒假分拣工生活、在郑州过完春节后，周口男生桑胜华和宝丰女生连晓珊直奔郑州长途汽车南站而去。在那里，河南省福兴儿童公益基金会70岁的李庆年老师，要把基金会捐出的一台华硕笔记本电脑和基金会青少年志愿者郑州外国语新枫杨学校2018届25班学生陈昶声捐赠的1000元生活费送给他俩。与此同时，他还给两人送来了红马甲，请他们担任“助童助学爱心使者”。没想到，因为连晓珊的鞋子开胶，双方临时又将见面地点改为离双方最近的报业大厦（如图）。去年盛夏，桑胜华和连晓珊报名参加了大河报2015年利群阳光助学行动，顺利进入大学。
第A09版：,社会,2016-02/17,高速明港下路口成倒卖乘客集市？,□首席记者李钊通讯员李凯文图核心提示|“京港澳高速明港下路口，那里已成了倒卖乘客的繁华‘集市’。”16日一大早，长途车司机拨打大河报记者的电话。大河报记者放下热线电话驱车赶赴现场，目睹到的情景触目惊心――目击：酒店、超市、修理铺，都是“客运站”京港澳高速明港下路口的位置特殊：引线口开在驻马店市确山县双河镇双河村境内，其西侧是信阳市平桥区明港镇，东侧是驻马店市正阳县熊寨乡，北侧是驻马店市的留庄镇和新安店乡。这里，既是驻马店的南大门，又是信阳市的北大门。16日上午9时许，记者在该下路口下高速前行约100米，路边就是一个石棉瓦搭建的所谓超市。“超市”门口竖立有一个牌子――“长途客运订票处”。“咋订票？”记者问。“你说去哪儿就是了，留下你的手机号，车快到时通知你。”“超市”里的大嫂很热情。记者在下路口处的路边转了一遍，发现酒店、超市、修理铺共计17家，每个店铺的门前都有标注“代售车票”、“出售车票”等字样的醒目标牌。算账1：“卖”一个乘客，提成三五十元不等大河报记者走进路边小吃店，要了一盒炒米粉和一碗鸡蛋汤，边吃边喝边观察。一名40岁左右的女子双手各持一个手机，肩上斜挎一个皮吊包进店后，一屁股坐在了记者对面。“广州，7个；北京，3个……”桌对面的女子接打手机忙得不亦乐乎。记者与她攀谈，她自称是店铺的“客服”。据其介绍，这一带，外出务工的多，这里的十几家店铺几乎每家都有面包车，都有“客服”。谁年后出远门打工，打个电话，就派车去拉来。给客车卖一个乘客，提成三五十元；碰到了不懂行情的乘客，一人能收取手续费100多元。春运期间，每个店铺每天卖乘客收入七八百元，每个“客服”进账500元左右。算账2：高速路旁众店铺，日“卖”乘客四五百16日9时40分至10时30分，记者发现车牌号为豫AJ8196、冀C21997、苏H89388、沪B63678、豫SB2793的5辆长途大客车在京港澳高速明港下路口下路，到店铺前载客。店铺店主们初步统计，从腊月十五（1月24日）以来，每天在这里下高速的长途客车都是七八十辆，每天的上下乘客都在四五百人。一名店主说，都知道长途客车按规定是一路直达，不允许路上捡人。执法部门也来执过法，可都被这儿的店铺人员打跑了，还撕烂过执法人员的衣服。在该下路口的“周家超市”、“超市饭店”和“红艳超市”，店里的工作人员均称，“卖”乘客是店铺的主要收入之一，每年仅此一项收入10万元左右，已持续多年。执法部门：早想摘除那里的“毒瘤”，可一个部门寡不敌众“那里（京港澳高速明港下路口）春运如此混乱，全国罕见！”16日中午，大河报记者来到确山县运管局，其负责人说，那里的店铺都没有道路运输管理部门颁发的“道路运输管理许可证”，都是黑“客运站”。“上午还在开会，也派去了稽查队；可我们一个部门执法，寡不敌众。”“长途客车，按规定是站点上客。”确山县运管局稽查执法人员介绍，长途客车在高速公路上随意下路捡客，乘客所携带的东西安检无法保障，上人多了容易造成超载，严重违反客运安全管理规定，安全隐患巨大。“这一春运安全‘毒瘤’，我们一定要彻底摘除。”16日傍晚，确山县运管局人士表示，将向县委县政府汇报，成立联合执法组，争取早日取缔那里的店铺倒买倒卖乘客怪现象。
第A10版：,综合,2016-02/17,消费者称：官方调查情况不属实,“我们现在要求哈尔滨有关部门向社会公布事发时的全部视频来还原事件原貌。”16日上午，因“天价鱼”事件而饱受困扰的常州消费者陈岩向记者表示，哈尔滨松北区专项调查小组出具的调查情况不属实。其本人及家属经过商量，做出回应。关于斤两问题，陈岩表示：“店家说有我的签字确认，但实际上我没有签字，我可以配合进行笔迹鉴定，一开始就觉得贵，打算点个7斤吃吃的，但是他们一刀下去10斤4两，我们也认可了，结果结账的时候要14斤4两，我们肯定没法认可，我们希望店家可以把所有监控视频公布，这样就一目了然了。”其次，关于价格问题，陈岩说：“明码标价那是在认同这个是野生的基础上，但之后看到相关报道觉得受骗了，野生的都是限量捕捞的，是国际濒危保护动物，必须有相应的证明和捕捞记录，所以希望店家可以出示相关的文件，不然这个涉及以次充好，欺诈消费者，店家在电视台已说明他们店的是半野生半养殖的，但却打着纯野生的旗号在卖，没有事先告知我们，我希望有关方面可以进一步跟进。”最后，对于谁先动手的问题，陈岩表示：“我看新闻上店家只提供了部分视频，希望店家公布完整的视频，不要断章取义，我们去吃饭的大多是老人孩子，在外地只是想息事宁人，我最后和老板拥抱是不想被报复。”陈岩说，他发微博就是吐槽提醒下，没想到完全失控，“所以删除了想安静地过生活，没想到后面店家一直污蔑我们，其实发了微博以后，店家还打电话来恐吓我们，这个可以提供通话记录，甚至我们家人孩子的信息被他们人肉发到网上，在此我请求哈尔滨网警能够依法处理，不管这件事情如何，家里的老人，我的未成年的女儿是无辜的，这个对他们的打击很大。”另外，就外界关心的为何用餐价格从10000多元打折到7200元，陈岩也给出了解释，当时是因为警方到场调解后，饭店与自己进行了协商，最后付钱方才离开饭店。“警察来了说这事要么走处罚程序，要么就双方调解，我们来哈尔滨旅游，不想惹事，于是选择了跟饭店方面调解。”陈岩说。陈岩还表示，他愿意配合哈尔滨方面调查组的调查。Y综合新华社、现代快报等
第C07版：,全媒体生活服务平台,2016-02/17,奇葩男站台内“泄火”放炮,昨天，一个名为“郑州男子带鞭炮上公交被拦，转身在站台点燃鞭炮”的视频在微博上引起很多人关注。事情到底是怎么回事呢？昨天，大河报记者王悦生采访了郑州市快速公交公司站务办副书记惠明。他介绍，此事发生在2月3日下午6点多，当时，一名50多岁的男子戴着口罩，来到北三环与中州大道交叉口附近的一个BRT站台，抱着一个大箱子准备上公交车，被BRT站台内的一名姓赵的女站务长拦住检查。随后，站务长从该男子携带的箱子里找出一挂鞭炮，当即告知该男子不能携带鞭炮上车。但是，该男子说这挂鞭炮准备拿到老家燃放，不会在郑州放，并与站务长理论了起来。此时，有其他乘客见状，便上前与站务长一起劝阻该男子：“鞭炮怎么能拿上公交车呢？你得配合公交公司的工作。”听到这些话，该男子才放弃乘车，并抱着箱子离开。没想到过了一会儿，站务长小赵突然听到站台内响起一阵鞭炮声，赶紧出来查看，发现该男子抱着箱子跑了。此时，有多名乘客正准备上车，被这鞭炮声吓得赶紧四处观望。惠明介绍，根据《郑州市城市公共交通条例》规定，乘坐公交车的乘客禁止携带易燃、易爆、有毒等危险物品上车。为了巡查可能的安全隐患，现在郑州每个BRT站台都配备了一名安保人员。惠明希望通过此事提醒乘客文明乘车。目前，公交公司已就该男子在站台内燃放鞭炮一事报警。
第A12版：,综合,2016-02/17,省级孵化器，奖补百万元,□记者张渝本报讯河南将设立众创空间发展专项资金；对新认定的国家级孵化器、省级及以上大学科技园,省财政给予一次性300万元奖补;对新认定的省级孵化器,给予一次性100万元奖补……近日，省政府公布了《关于加快科技服务业发展的若干意见》。目前，众多众创空间在河南拔地而起，推动了创业创新的发展，我省将设立众创空间发展专项资金。对各类投资主体利用闲置楼宇和厂房构建众创空间的,按其改造费用50%比例(最高不超过200万元)给予补贴。另外，采用政府购买服务方式,对众创空间提供的宽带网络、公共软件服务、公共技术平台购置费用,按照50%比例给予补贴。符合条件的众创空间等新型孵化机构适用科技企业孵化器税收优惠政策。河南对新认定的国家级孵化器、省级及以上大学科技园,省财政给予一次性300万元奖补;对新认定的省级孵化器,给予一次性100万元奖补。对已认定的省级及以上孵化器和大学科技园、众创空间,经年度考核合格,每年给予一定的运行成本补贴。对省级科技企业孵化器、众创空间投入的孵化资金按不高于20%给予配套支持。
第C07版：,全媒体生活服务平台,2016-02/17,20多个大冰柱让桥下路人胆战,昨天有市民致电大河报新闻热线96211反映：南三环京广路立交桥西南侧几十米外的边缘处，每隔20米至30米，都挂着一个粗大的冰柱，长的有20厘米至30多厘米,让桥下路人心惊胆寒。大河报记者张|核实：立交桥西南侧边缘共挂有20多个大冰柱。记者还采访多名路人，他们都说是立交桥上的下水管漏水导致结冰。李先生说：“近几天室外温度逐渐升高，不时有冰块从桥上坠落下来。15日下午4点多，公交三公司三车队的一辆165路公交车刚下完乘客，在这里车顶被砸中。”另一市民说：“在这里乘车的市民比较多，如果冰柱砸住人，那可就事大了。希望有关部门能快点把冰柱打掉，别让市民从桥下经过时心惊胆战。”记者采访郑州环城快速公路管理处时，该处的工作人员吴女士说：“立交桥下有冰柱的地方已经圈起来了。”吴女士让记者联系负责此事的工作人员马立明先生。记者随即联系到该处的马立明，他说：“我们只管到人行道处，立交桥西南边还没有移交，移交以后才能归我们管理，我们不能越界管理。没移交应该归建设方管理。”马立明告诉记者，近两天他们已安排工作人员上路巡查，从西三环航海路口向东，一直巡查到中州大道南三环路口的立交桥处，共处理掉这样的冰柱100多处。记者询问冰柱形成的原因，他说：“主要是立交桥上的伸缩层里面含有水，遇冷空气后会形成冰柱；此外，落水管密封不好漏水处，也会形成冰柱。”K线索提供：焦先生稿酬：100元新闻热线：96211
第C07版：,全媒体生活服务平台,2016-02/17,生活垃圾堆在闹市街头挡道,昨天，郑州市民刘女士致电大河报新闻热线96211反映：在棉纺东路一大型小区门口附近，一堆生活垃圾险些“埋葬”停在路面上的轿车。大河报记者郭致远核实：这堆生活垃圾堆积在鑫苑国际城市花园小区西门附近，与棉纺东路生活垃圾中转站相距约30米远。生活垃圾堆积在棉纺东路。由于与停在路面上的汽车距离比较近，部分垃圾滚落到汽车轮胎处。在现场，一名环卫工拎着扫帚，正打扫街头的卫生，只见他朝着垃圾堆方向走去，并没有要清理的迹象。据其介绍，早晨五六点钟，他赶到该区域打扫卫生的时候，就发现了这堆垃圾堆积路面，不清楚是何人所为。附近的生活垃圾中转站相关人士说，附近的几个小区，生活垃圾都收归到这儿，再向垃圾场转运出去。在棉纺东路上，突然冒出的这一堆垃圾，不像是平日里往垃圾中转站倾倒垃圾者的举动，“驾车载着垃圾，恁远的路都跑了。谁还会在乎再多走两步？”采访中发现，沿街多家商户尚未开业，零星的几家开门纳客店铺，均矢口否认是其所为。昨天下午3点钟，二七区五里堡办事处城管科受访时表示，他们也注意到了这堆生活垃圾，刚刚派员进行了清理。然而，他们询问了附近多位居民和商户，亦不清楚是谁倾倒的垃圾。为防止再有人把生活垃圾倾倒在闹市街头，他们将加强巡逻，严防此类事件再次发生。
第C07版：,全媒体生活服务平台,2016-02/17,瓷片砸中楼下祖孙两人的头部,昨天上午10时许，郑州市民王先生致电大河报新闻热线96211反映称：“在秦岭路与棉纺路交叉口东南角的电新街家属院4号楼，因33层装饰框架上的瓷片掉落，导致一名老太太和一个11岁的小男孩的头部被砸伤，伤者已送到医院了。”大河报记者张|核实：在该小区的4号楼和5号楼之间有个通道，通道两侧是框架，框架上方搭有十多米长的方木。通道两侧，小区业主放有不少电动车和自行车。在现场地下，散落有很多粘有水泥的碎瓷片和水泥块，大的如拳头，小的不计其数。现场已被小区保安用警戒线围起来，在现场中间偏东处，有一根粗大的方木从中间断裂后，掉落在地下。记者在现场看到，4号楼和5号楼的业主都顺着5号楼的墙边小心翼翼地通过。其中一位上年纪的男子说：“幸亏楼下过道上方搭有方木遮挡，要不肯定会要人命的。”在现场负责看护的小区保安张先生告诉记者：“这是今天上午发生的，被砸伤的两个人我都没见到。队长让我在这里看着，不让业主从这个过道里经过。”说后他指着4号楼最高处的装饰框架掉落的瓷片处，让记者看：“应该是被大风刮下来的。框架上方掉落的那根方木，也应该是上面掉下的水泥块砸断的。”随后，辖区巡防队员姜勇赶到现场。他对记者说：“事情发生在上午10点多，当时风正大，4号楼的祖孙俩骑电动车从外面回来，正好被上面掉下的瓷片砸伤了头部。两人被砸伤后，马上送到北边的电厂医院了。”据姜勇介绍，掉落的瓷片是在33层上方的装饰框架处，宽度约有25厘米。记者到医院后医生告诉记者，两名伤者经包扎处理，都没有生命危险，现在都回家了。电厂的领导也曾到医院看望慰问了受伤的祖孙俩。K线索提供：王先生张女士稿酬：各50元新闻热线：96211
第C07版：,全媒体生活服务平台,2016-02/17,谁需要手摇式老年代步车,昨天，读者赵女士致电大河报热线96211，称家中有一辆闲置的手摇式老年代步车，希望可以赠送给腿脚不便的人。如果您家中有人需要，请与赵女士联系，电话15890682481。K（大河报记者刘瑶实习生邹静晨帮办）
第C07版：,全媒体生活服务平台,2016-02/17,换物,换客：于先生67067886闲物：八成新的国产放像机和录像机心愿：信号猫和无线路由器K换客：年女士13503710648闲物：价值5500元六七成新的跑步机，以及哑铃、沙袋、拉力器等运动器材心愿：换一台烤箱、面包机和一辆男式自行车K（大河报记者贺笑天实习生邹静晨帮办）
第C06版：,社会,2016-02/17,夜行人撞上路中消火栓车毁人伤,□记者李岚本报讯日前，市民孙先生下夜班后骑电动车回家，途经秦岭路与农业路交叉口东南角时，冷不防撞上慢车道中间的消火栓上，连人带车一起翻倒在地上，导致车毁人伤。据孙先生介绍，事情发生在2月13日凌晨１时20分，因路灯不亮，他冷不防撞上慢车道中间的消火栓上，连人带车一起摔在地上。记者发现，孙先生的电动车，车前的挡板被撞得稀烂，车胎爆裂后与车圈完全分离。位于慢车道中间的消火栓已经歪斜，上面有多处被撞过的痕迹。“把消火栓立在马路中间，明摆着要坑人！”为了给自己讨个说法，当天上午，孙先生拨打了110报警电话。交警二大队的民警说，此事属于单方事故，如果孙先生要索赔，应当联系修路的市政部门。市政部门回复说，他们只是负责路面的维护，消火栓属于消防设备，他们无权移动。15日下午，郑州市城建热线的工作人员告诉记者，经调查，该消火栓属于自来水公司的消防设施，他们已通知自来水公司去现场调查处理此事。昨日下午，郑州市自来水公司的工作人员向记者回复，他们只是负责消火栓的维护和保养，并不是消火栓的产权单位。以前该消火栓安装在绿化带中，前段时间市政部门对此处的秦岭路进行拓宽改造，拆除了绿化带，但施工人员没有及时移走消火栓，使其留在路面中间，成为交通安全隐患。孙先生委屈地说，自己车毁人伤，却连个说理的地方都没有。除了疗伤外，他的电动车几乎撞报废，要把车完全修好，需要800余元。K线索提供陈先生稿酬100元新闻热线96211
第C07版：,全媒体生活服务平台,2016-02/17,寻找老式座钟维修地点,读者于先生致电大河报96211新闻热线，称家中的老式座钟坏了，想寻找维修的地方。物件为上世纪八九十年代、上发条的那种老式座钟。如果您知道哪里能维修，请与于先生联系，电话13253456109。K（大河报记者贺笑天实习生邹静晨帮办）
第C06版：,社会,2016-02/17,正扫地环卫工倒在街头，再没起来,第C06版：,社会,2016-02/17,10毫米厚玻璃被击穿人何以安,□记者张|文图本报讯昨天上午，市民朱先生打来电话反映：“在建设路与华山路交叉口附近，有个商铺门面房的门窗玻璃被钢珠击穿三个洞，玻璃门和橱窗玻璃有10毫米厚。”昨天下午3时许，记者来到现场，看到这家商铺的玻璃门锁着。在西侧的门上方，明显能看到一个圆圆的弹孔穿透玻璃。门东边的玻璃橱窗也被洞穿，门西侧的玻璃橱窗的右下角有巴掌大小一块玻璃被击碎，中间有个圆圆的弹孔。发稿前，记者联系到该商铺的老板阴先生,他说:“第一次被击穿的是门东边的橱窗玻璃，事发后，我捡到一个像自行车轴承内钢珠大小的钢珠弹。前两天晚上8点多，又有两处玻璃被打烂，这次我报了警。110接警后将该案转到三官庙警务区，到现在还没个结果。我打电话催问过，民警很不耐烦地对我说‘别再打了，找到会告诉你的’。”阴先生对钢珠弹随意乱打很不放心。他说：“钢化玻璃有10毫米厚都被击穿了，如果钢珠弹打到人，很可能会致命的，真希望公安机关能认真查一查，把钢珠枪给收缴了，并按相关法律、法规，对玩钢珠枪的人予以处罚。”K线索提供朱先生稿酬100元新闻热线96211
第A12版：,综合,2016-02/17,中国证监会核准9家企业IPO申请,新华社北京2月16日电中国证监会16日宣布按法定程序核准了9家企业的首发申请。其中，上交所4家，深交所中小板2家，创业板3家。在上交所首发的4家企业是：千禾味业食品股份有限公司、浙江司太立制药股份有限公司、金徽酒股份有限公司、西藏华钰矿业股份有限公司。在中小板首发的2家企业是：厦门瑞尔特卫浴科技股份有限公司、深圳市建艺装饰集团股份有限公司。3家在创业板首发的企业是：广州市昊志机电股份有限公司、昆明川金诺化工股份有限公司、成都新易盛通信技术股份有限公司。其中，成都新易盛通信技术股份有限公司直接定价发行。据了解，上述企业及其承销商将分别与沪深交易所协商确定发行日程，并陆续刊登招股文件。
第A12版：,综合,2016-02/17,下月起，微信提现要收费了,如果你春节期间在微信红包“抢”到“巨款”而又准备提现的话，动作要快啦！15日，微信支付团队发布公告，自2016年3月1日起，微信支付将对超额提现交易收取手续费。转账交易恢复免费，而微信红包、面对面收付款、AA收款等功能不受影响，继续免收手续费。在微信钱包界面下，有一个零钱选项。你抢到红包之后，钱直接存到“我的零钱”里。目前“我的零钱”有三个使用途径：支付、提现和理财。从3月1日起计算，每位用户（身份证维度）有终身累计1000元免费提现额度，超出1000元部分按银行费率收取手续费，目前费率均为0.1%，每笔最少收0.1元。微信支付团队表示，基于微信支付的每一笔转账和提现交易，事实上不论金额大小，银行都要向微信支付收取交易手续费。因此，对提现交易收费并不是微信支付追求营收之举，而是用于支付银行手续费。此次调整是为进一步优化服务资源配置，更专注地服务好小额高频的社交转账，以及更广泛线上线下消费。微信支付团队称，正在积极与银行方面密切沟通，争取早日实现转账、提现交易完全免费。去年10月，微信曾宣布转账收费，每人每月享有两万元免费转账额度（包括微信转账和面对面扫码），超出部分按0.1%的标准收取手续费；收款则不需手续费。而从2016年3月1日起，转账将不再收取手续费，而微信红包、AA收款等其他功能则继续免收手续费，不受影响。微信提现要收费引发热议，对手支付宝借势营销。支付宝官方15日表示：“十一年来，用户通过支付宝提现，不管是pc端还是手机上，均为免费。支付宝内发生的每一笔转账和提现交易，银行都会向支付宝收取交易手续费，这部分费用由支付宝承担，用户无需支付额外费用。”微信下了一步什么棋？不少消费者认为，互联网金融时代下，转账汇款向用户收费是倒退之举。在大打“免费牌”、不断向线上、线下支付和转账业务渗透的第三方机构面前，银行都开始“被迫”向消费者让利，招商银行、中信银行、浙商银行等近20家银行相继宣布对通过网银和手机银行转账实行免费。这次为什么微信支付转而又开始提现收费呢？微信支付的理由是，随着微信支付用户量和交易量逐步升高，银行手续费成本压力也越来越大，微信希望通过策略调整补贴一部分巨额成本。关于巨额成本，不少银行业内人士有些“不服气”。一家股份制银行电子银行部负责人告诉记者，一般银行向微信支付、支付宝这样的机构收取的提现手续费并不高，大约在千分之一。“为了导入更多客户、获取资金沉淀，有的小银行可能会收取更低的手续费。”中央财经大学教授郭田勇认为，微信支付对提现功能收取手续费，其目的可能是希望资金沉淀在微信体系内，进行内部循环，尤其是今年春节期间，不少人抢红包，微信平台沉淀资金比较多。央行之前也明确指出，支付账户沉淀了大量客户资金，加大资金流动性管理压力和跨市场交易风险。专家认为，在监管趋严的背景下，微信支付此举是想通过提现收费先行做好资金沉淀的准备。互联网服务别搞成“雁过拔毛”“通过收取手续费，迫使客户资金沉淀在自己平台上，这多少会影响客户体验，这样的做法有些狭隘。”郭田勇说，“微信支付应该开发更多应用场景，用优质、创新的服务吸引消费者，而非采取手续费的方式限制客户转移资金。”“但天下没有免费的午餐。”中国金融期货交易所研究院首席经济学家赵庆明说，任何一家企业的收费行为，必然是基于成本分摊机制，特别是一些互联网企业在推广前期有大量优惠，积累了足够的客户量和业务量后开始收费，这并不奇怪。以微信支付为例，该服务已有线下30多个行业、30万家门店支持微信支付，这将带来更大的用户黏性、增长空间。中国电子商务研究中心互联网金融部助理分析师陈莉表示，一方面基于第三方支付平台之间的竞争日趋激烈，另一方面商业银行也在逐步放开收费标准，微信发展自身金融业务的压力不小，微信支付收费政策的推出也是竞争态势下的选择。“因为第三方支付平台也要承担自身成本，免费可能不会是各平台维持业务的长期手段。”也有专家提出，第三方支付要实现“叫好又叫座”，企业需要创新服务。与其挑战消费者“免费为上”的理念，不如创新模式将成本逐步嫁接转移到其他业务上，消费者将免于直接承担这些成本。新华时评则点评说,倘若各家囿于自己的一亩三分地，只想从“过路财神”身上揩油，最终只能迫使公众用脚投票。一个企业发展壮大的途径有很多种，但“雁过拔毛”的战略恐怕不是长久之计、最优之计。Y综合新华社、羊城晚报等报道
第A12版：,综合,2016-02/17,豫企冲刺 IPO8家在审16家在辅,□记者李世顶文白周峰摄影本报讯沪指昨日大涨3.29%！A股又疯狂了一把，这让觊觎IPO的公司紧追不已。截至昨日，除了8家在审豫企之外，还有16家河南企业正在接受IPO辅导，向A股冲刺。昨日A股市场红火一片，在全球市场回暖背景下，两市高开高走，沪指很快涨幅扩大至2%，并重新站上2800点，题材股与权重股齐飙升。来自同花顺的数据显示，沪深两市有千余只股票上涨，180余只股涨停。具体到豫股层面，除却停牌企业之外，豫股全部飘红，其中涨停板的豫股有7家之多，分别是黄河旋风、豫光金铅、森源电气、安彩高科、中原特钢、新开普和大有能源。对此，分析人士表示，两会时间窗口临近，改革预期上升，炒作氛围升温，吸引场外资金回流，管理层也有维稳护盘的任务，此外注册制延迟预期出现、企业增持持续增加等诸多利好因素叠加也给予了A股充分的想象空间，大盘的大反弹值得期待。A股重新回暖之下，这让觊觎IPO的公司紧追不已，开启接受辅导模式，向IPO发起冲击。大河报记者从河南证监局获悉，截至昨日，河南一共有327家重点上市后备企业，正在接受IPO辅导的企业一共有16家之多，包括洛阳银行、云台山等。其中绿都地产为最新增加的在辅企业。值得一提的是，绿都地产是宇通集团的子公司，此前在中国房地产百强难觅踪影，但却在2015年大放异彩，成功现身2015中国房地产百强，与升龙、建业、鑫苑、正商一同杀入其中。除了IPO在辅豫企之外，A股在审排队的企业中也有豫企身影。据相关统计数据显示，目前在A股市场排队待审的河南公司共有三晖电气、兰迪玻璃等8家，其中郑州市6家，洛阳市1家，南阳市1家。这些企业最有可能代表豫企成为2016年的新晋豫股。
第C08版：,小记者,2016-02/17,星空下的遐想,□郑州经纬中学八（2）班宋欣樾夜，是静与晚的结合。黑暗丝绸般铺满整个天空，沉淀了昔日的喧哗，渲染出无法言说的寂静。深邃而辽阔的天幕唯有繁星点点，不时眨动眼睛，给这个静谧的夜和略显压抑的黑暗抹上一笔灵动的色彩。星空总是给人以神秘与浪漫的感觉。我学着凡・高抬头仰望，终于明白为何文人雅士如此迷恋星空，心中有些寂寞，思绪便随繁星浸入夜空……心底，一直有个梦想。期盼着在一把婉约的油纸伞下，觅到一位知音。陪我奏《高山流水》，陪我嗅暗香浮动，陪我看二十四桥明月夜，陪我赏西子湖畔山色空蒙，抑或是陪我走过江南流水、越过苍茫草原，共阅山水相映的词章。心中，一直有一个地方。在那里，我可以同李白填词吟诗、畅游山水；可以陪陶渊明采菊东篱，感受夕露沾衣的自然之乐，能于落英缤纷之处寻心中的桃花源；能与范仲淹携手登临岳阳楼，体味忧国忧民；伴刘禹锡泛舟洞庭，徘徊于湖光山色之间；与苏东坡畅游赤壁，共赏“清风徐来，水波不兴”……思绪在夜空中飞扬，随星光一起闪亮。这场梦穿过依依古道，越过唐风宋雨，来到我心中。好久好久都没有这种任凭思绪飞舞的惬意了，好想守住这份温暖，滤尽心中所有的杂质，褪去繁华的外衣，重拾返璞归真的自我。
第C08版：,小记者,2016-02/17,给周瑜的一封信,□郑州市金水区文化绿城小学六（7）班方菲公瑾先生：别来无恙？千载过后，你的气概与智谋仍令晚辈敬佩。你西征黄祖，火烧赤壁，让晚辈不禁点头称赞。可是，如果你的心胸再宽广些的话，则天下三分必归于吴。你与诸葛孔明交战大败后，蜀军大喊“周郎妙计安天下，赔了夫人又折兵”，你便吐血病倒。人不可能不犯错，勇于认错，才能超越自我。那时，你知道孔明才华不亚于你，便故意刁难他，令他十天之内造出十万支箭。谁料孔明说只需三天。结果，孔明顺利完成任务。在你弥留之际，你大叫“既生瑜，何生亮”，便吐血而亡！毫无疑问，你确实是一个英雄。宋代大文豪苏东坡曾经赞扬过你：“遥想公瑾当年，小乔初嫁了，雄姿英发。羽扇纶巾，谈笑间、樯橹灰飞烟灭。”可见，你功勋卓著。可是，狭小的器量却最终让你成为历史的笑柄。可惜！可叹！晚辈无礼，出言不逊，万望见谅！无知言论，还请三思。顺祝安康！方菲2016年1月6日指导老师宋伟华
第C08版：,小记者,2016-02/17,就这样慢慢长大,□郑州实验外国语初一（6）班张馨予在我成长的道路上，因为有妈妈的陪伴，往昔的日子才有了温暖和色彩。小学时，我经常为一些同学之间的小事耿耿于怀，每天回家，几乎都会有大堆的烦心事要向妈妈倾诉。“妈，老师今天因为同桌和我说话批评了我。”“妈，我的水杯摔坏了！”……每当妈妈听我倾诉后，都会轻轻地笑笑，然后说：“孩子，什么事都要尽量往好处想，老师批评你，你就当和同桌同甘共苦了。水杯摔坏了你也不是故意的，以后小心就行了……”妈妈的话如春风化雨般解开了我心头的“锁”，让我的心情开朗起来。“孩子，你要学会包容，在包容中快乐成长。”听到这里，我点点头，觉得自己在慢慢长大。六年级放暑假时，我的脏书包、运动鞋、汗衫、马裤堆了三四盆。妈妈卷起袖子，搬来凳子，接了水，放好盆，就开始搓洗了。邻居奶奶来借东西，见到妈妈汗流浃背地洗衣物，忍不住问：“这么多，都是你一人干呀？”妈妈还是轻轻地一笑说：“哎！当妈的不给孩子洗，给谁洗啊？”在一旁写作业的我听了，心里一震，平常妈妈为我洗衣服，我认为是理所应当，今天我才明白，这全是妈妈对我的爱！我拉着妈妈的手，看到手上有一层茧。我心里酸酸的，对妈妈说：“妈，给我留点衣服，我做完作业自己洗！”妈妈睁大眼睛看着我，眼睛里露出喜悦，夸我说：“孩子，你在慢慢长大……”学校教给我知识，妈妈教育我做人，从呱呱坠地，到牙牙学语；从五彩童年到翩翩少年，妈妈给了我深沉无私的爱。使勇敢善良、理解包容、积极阳光、快乐勤劳等美德伴随我慢慢长大！我沐浴着光辉母爱，就这样慢慢长大……
第C08版：,小记者,2016-02/17,异国风味,□郑州市中原区绿都城小学六（1）班刘家骏大盘鸡、灌汤包……这些美食我想同学们都吃过。可是这些都是中国名吃，大家吃过外国美食吗？一提起它们，我就想到前几日吃的奥尔良烤翅。这奥尔良烤翅在放入烤箱前，要先把鸡翅用刀划一个小口，接着放入作料腌三个小时，烤的过程中还要刷上奥尔良烤酱与蜂蜜。盼星星盼月亮，在我觉得自己的头发都快熬白的时候，只听烤箱“叮”的一声――美食出炉了！我双手持筷，手腕一翻，一只烤翅就到手了。我迫不及待地咬上一小口，外焦里嫩，紧接着一股蜂蜜独有的甜味慢慢渗透进来，让我忍着热气大快朵颐。吃完第一个后，我开始像一场战争中的胜利者一样欣赏它们：这烤翅一个个香甜可口。而它的颜色，则更有趣：鸡翅为鸡肉，本应该是肉色，可因为刷了蜂蜜，成了金黄色。加上一些奥尔良烤酱，又有了几分番茄红色。经过烤箱的烧烤，嘿，又有了些烤肉的棕色。几种颜色加在一起，吃过后不但有味道上的冲击，还有些色彩上的碰撞。相信你吃过后也不会忘记它那让人垂涎三尺的香味，以及它独特的异国风味。指导老师何小香
第C08版：,小记者,2016-02/17,吃串串,□郑州市春晖小学四（4）班孟倩
第C08版：,小记者,2016-02/17,爸爸的日记本,□郑州市惠济区东风路小学三(4)班孔梓岳周末，我和妈妈在家做家务，我在爸爸卧室的床头柜上看到了他的日记本。我打开爸爸的日记本，看爸爸每天记录的事情，记录得非常细致。妈妈说：“你爸爸写日记有十几年啦！日记本都在床头柜的抽屉里。”我随手拉开抽屉看了一下有二十来本，我问妈妈：“爸爸的日记本我可以看一下吗？”妈妈同意后，我找到最早的日记本，看到里面记录着爸爸刚来郑州打工时的劳累和辛苦；我又看了中间的日记本，记录着和妈妈谈恋爱到结婚的过程；还有近几年的日记本，记录着爸爸妈妈开车回老家接爷爷奶奶来郑州治病、住院和陪伴的事情等。妈妈坐到我旁边说：“你爸爸有写日记的好习惯，就是把每天发生的事情一条一条记录下来，你看到了爸爸打工的辛苦、爱情的甜蜜、对爷爷奶奶的孝顺，这也是我和你爸爸最美好的记忆。”我被爸爸的日记所感动，爸爸坚持写日记近二十年，他的好习惯我也要学习，我也要每天写日记，把我和家人生活的一点一滴记录下来，妈妈提醒我：“孩子，你更要学习爸爸如何做人做事，你长大后一定会有更好的发展。”指导老师桂林
第A09版：,社会,2016-02/17,政府承担医疗费社会捐款4万元,第A08版：,综合,2016-02/17,身在异乡也能办身份证,第A11版：,综合,2016-02/17,联合国前秘书长加利逝世,新华社联合国2月16日电联合国秘书长发言人办公室16日确认，联合国前秘书长加利已经逝世。加利曾任埃及外交国务部长，并担任联合国第六任秘书长，是联合国历史上担任最高行政职务的第一位来自非洲国家的代表。加利曾多次访华。今年1月20日，中国国家主席习近平在访问埃及时，还会见了加利等10名获得“中国阿拉伯友好杰出贡献奖”的友好人士。
第A08版：,综合,2016-02/17,过年贼还“加班”，把古桥石刻撬跑了,□记者李一川实习生苗琳本报讯“大年初六凌晨，我们村里一座古桥上的4块精美石刻被盗了，这些石刻可都是文物啊！”昨日下午，老家在洛阳栾川县潭头镇大王庙村的孙女士拨打大河报热线说。记者随后对此事进行了采访。【事发】清代古桥石刻，深夜被盗栾川县潭头镇大王庙村依山傍水，以石桥、老井、古树、老宅而闻名，这里有老宅4座，分别为李家大院、孙家大院、赵家大院和马家大院。抗日战争时期，河南大学农学院亦驻此办校。2014年，该村入选国家七部委公布的第三批中国传统村落名录。被盗古桥名为娃娃桥，位于村南侧。据了解，娃娃桥始建于清朝，石栏上浮雕图案非常精美，绘有鹤、麒麟、鹿、荷花、牡丹等图案，手法细腻，具有较高的艺术价值。1985年，该桥被定为栾川县文物保护单位。据当地传说，这座古桥建于清嘉庆年间。当时村里一孙姓大户的户主突然病故，将万贯家财留给了妻子，妻子决心为其守寡。因没有子女，她便拿出钱财为村里修桥。村民们为纪念无子女的孙姓之妻，将该桥命名为娃娃桥。“今年春节时，我还给这座老桥拍了照片。没想到，没过几天，竟有人夜里偷盗上面的文物。据村里人说，是有人趁晚上天冷风大时趁机作案的。事发后，民警在桥周围拉起了警戒线。”大王庙村村民孙女士说。【进展】栾川警方已成立专案组追查大王庙村村主任张红庆接受记者电话采访时说，三四年前，就有窃贼趁天未亮时偷桥上的石刻，不过被早晨上学的孩子们发现，当时石刻已经被放倒，但所幸没能被偷走。“这座桥在村南头，大年初五夜里到初六凌晨下着雨，比较冷，出来的人少，所以有人来偷盗时，没有村民察觉。”张红庆说，因村里并未安装监控设备，所以当时没有拍到偷盗的情况。事发后，栾川县文管所、洛阳市文物局、洛阳市博物馆的相关专家都赶到这里调查文物受损的相关情况。目前，政府已着手在村周围安装监控，以保护村中其他文物。栾川县文管所所长庞海娇说：“据一位村民反映，他初六凌晨两点多回家时，看到桥还未被破坏。这说明，桥护栏被破坏应该是这个时间之后。”目前，他们已在桥周围加装监控。至于偷盗行为是否对桥造成破坏，还需专家进一步评估。随后，记者从潭头镇派出所了解到，警方初步确认桥上石刻被盗。因石刻属县级保护文物，所以他们已会同刑侦部门成立专案组进行侦查。目前，案件正在进一步调查中。【专家】古建筑屡被盗凸显监管漏洞“被盗的石刻属于古桥上的构件，这些石刻肯定是具有较高的艺术价值和历史价值。放眼全国，类似古建筑构件被盗的情况也非常普遍，其中不乏一些国宝级的文物。”谈到古建筑构件被盗的情况，郑州建筑学院教授郑东军说。一位民间古建爱好者受访时称，古建贩卖早已形成了“一条龙”服务，先通过照片向买家推荐产品，交易达成后，从拆到重新安装都提供一条龙服务。在传统建筑遗存较为丰富的山西，大到整栋老宅子，小到构件，经常发生被盗事件。省文物建筑保护研究院一位专家说，很多石雕因其比较精美，具有时代特征而被盗，前段时间他们就对项城黄庙石桥上被盗的石狮进行修复。为保护这座石桥，当地不得不在桥旁安装监控，雇人在此守护。该专家表示，大量发生的古建筑构件盗卖行为表明，现今全社会对传统建筑的保护意识严重不足，监管上也存在很大漏洞。“历史文化的古建筑众多，但不少都在比较偏远的农村。由于乡村大部分居住的是留守人员，防护力量薄弱，给不法之徒留下可乘之机。另外，村民对古建筑文化历史遗产缺乏认识，不懂其价值，致使一些古建筑被盗现象猖獗，人为毁坏、流失严重，同时，缺少法律保障、缺少经费和人员修缮看护、缺少相应执法权也是目前制约古建筑保护的重要因素。针对娃娃桥石刻被盗一案，如您有线索，可与潭头镇派出所联系，电话为：0379-66688110。K线索提供孙女士稿酬100元新闻热线0371-96211
第A11版：,综合,2016-02/17,美最先进战机要入韩,第A08版：,综合,2016-02/17,云台山林区惊现金钱豹,□记者郭长秀通讯员龙邦本报焦作讯2月16日，开车经过修陵公路的千先生在云台山景区茱萸峰14号洞附近的山上发现了一大两小三只金钱豹，千先生随即下车拍下了这难得一见的一幕：图片上可以清楚地看到一只体格健壮的金钱豹和两只幼豹。“当时是上午11时左右，我开车路过的时候，感觉路边的树林里好像有什么东西，仔细一看原来是金钱豹，当时心情很激动，就赶紧停车下去拍了几张照片，可惜被大豹子发觉了，三只豹子很快就跑进了树林里。”千先生向景区人员叙述了发现金钱豹的经过。金钱豹属国家一级保护动物，多生活在原始茂密的林区，目前在我国河北、山西、河南等地的山区生活着为数不多的华北亚种。据了解，这已不是第一次在云台山景区发现金钱豹的踪迹，2013年9月曾在云台山西区的马头山林区发现过金钱豹的踪迹。据景区介绍，发现金钱豹的地方属于保护林区，并不是游览区域。景区内重点旅游区域和路段都已实现监控覆盖，接下来景区将联合林业部门，加大对茱萸峰林区的监控和管理，注意对金钱豹活动规律资料的获取，加强对这一濒危野生动物的保护。据专家介绍，豹的性情虽然残暴，但很少主动攻击人。云台山景区也特别提醒广大游客，在山区旅游时遇到大型野生动物不要靠近，注意自身人身安全，景区也会加强对游客安全的保障措施。
第A11版：,综合,2016-02/17,公然殴打女明星柬埔寨地产大亨获刑,柬埔寨首都金边一家法庭15日裁定，知名地产大亨索本殴打电视女明星埃索吉塔，获刑3年，处以1500美元罚金。索本当天因病没有出庭。法官索莉娜宣判，索本狱中服刑10个月，其余刑期缓期执行。美联社报道，算上索本在押的时间，他只需在狱中服刑4个月。埃索吉塔的律师说，埃索吉塔接受法庭判决，不会提起上诉。索本在公共场合公然殴打埃索吉塔，引发柬埔寨舆论极大愤慨。他先前已经认罪，称希望得到公众原谅。案发去年7月，索本及其保镖在金边一家日本餐馆，把埃索吉塔从皮沙发上拖下，拳打脚踢。埃索吉塔说，索本喝醉酒并骚扰她的日本朋友，她为保护朋友而与索本发生冲突。埃索吉塔拿到餐馆监控录像后，把视频与自己受伤的照片一同发布在社交网站“脸谱”上。从监控视频看，索本施暴的整个过程中，他的保镖一直在玩弄手枪。“他想杀了我，”埃索吉塔说。埃索吉塔28岁，艺名萨萨，曾是电视台主持人。在柬埔寨，因司法体系腐败，有钱人通常不会受到法律的制裁。不过，这次打人事件曝光后，立即成为媒体关注焦点，相关视频也在社交媒体上被迅速传播。迫于压力，索本逃往新加坡，国际刑警组织对他发出红色通缉令。柬埔寨首相洪森要求索本回国自首。两天后，索本回国，在金边国际机场被逮捕，随后受到指控。新华社
第A11版：,综合,2016-02/17,美国近日军事动作不断,针对朝鲜第四次核试验和发射远程火箭，美军连日来动作不断，大秀肌肉，意在向朝鲜发出强烈的警告信号，重申协防盟友韩国的决心。B-52型远程战略轰炸机1月10日上午，美国派遣一架B-52型远程战略轰炸机飞越韩国领空，韩国空军F-15战机和驻韩美军F-16战机为其护航。B-52轰炸机是可投射核武器的亚音速远程轰炸机，绰号“同温层堡垒”，曾在越战时期对北越实施地毯式轰炸。1991年的海湾战争时期，B-52担负了四成对伊拉克轰炸任务。两艘核动力航空母舰本月11日，韩联社报道，美国海军分别将于下周和下月向韩国派遣“北卡罗来纳”号核潜艇和“约翰・斯滕尼斯”号核动力航空母舰。“约翰・斯滕尼斯”号核动力航母将参加“关键决断”和“鹞鹰”韩美联合演习。“约翰・斯滕尼斯”号是“尼米兹”级核动力航母，排水量为10.3万吨，舰长333米，搭载美国海军F/A-18“大黄蜂”战斗机、EA-6B“徘徊者”电子战飞机、E-2C“鹰眼”预警机。“约翰・斯滕尼斯”号航母部署到位后，美军在这一地区将拥有两艘核动力航母，另一艘是长期部署到东京横须贺美军基地的“罗纳德・里根”号。“弗吉尼亚”级核潜艇“北卡罗来纳”号于2007年5月入役，排水量为7800吨级，装备“战斧”巡航导弹和533毫米大型鱼雷。“爱国者”和“萨德”导弹防御系统除此之外，美军已经紧急从本土得克萨斯州调遣一套“爱国者”导弹防御系统，部署到韩国。此外，美国正在和韩方商讨部署“萨德”系统（末段高空区域防御系统）的可能性，以应对朝鲜“导弹威胁”。新华社
第A13版：,彩票,2016-02/17,大年初八，大乐透送出祝福,□记者张琛星本报讯春节拜年送祝福，“漫长”的休市期后，大年初八，体彩大乐透再出千万大奖。2月15日晚，大乐透第16017期开出1注头奖，单注奖金1000万元，花落贵州。本期开奖后，大乐透奖池滚存至24.35亿元。猴年“猴赛雷”，万事好彩头。据了解，此次获得大乐透头奖的幸运彩民来自贵州黔南州，中奖彩票是一张“大面额”的复式票。其前区选择12个号码，后区选择2个号码，组成“12+2”大复式，形成792注投注号码，投注金额1584元，除命中1注一等奖外，还中得三等奖35注，四等奖210注，五等奖350注，六等奖196注，单票总奖金1016万元。本期全国共中出二等奖32注、三等奖733注，单注基本奖金分别为20.3万元、3444元。从此次开奖情况来看，作为春节休市后的第一期，大乐透头奖开出，也是在春节期间送出了祝福，送出好彩头。此外，大乐透奖池也不断刷新纪录。休市前，大乐透第16016期开奖后，奖池首次突破24亿元大关，滚至24.12亿元。休市后，奖池继续上涨，第16017期开奖后，奖池滚至24.35亿元，持续保持在24亿元以上的高水位。一般来说，高水位奖池增加了冲击巨奖的机会，适当追加、倍投可获取丰厚回报，但也提醒彩民要理性购彩。
第A13版：,彩票,2016-02/17,1098万元双色球再现弃奖,□记者张琛星在备受关注中，直至2月15日晚11点59分，新疆福彩中心的工作人员依然坚守在岗位上，但奇迹终究没有发生，双色球1098万大奖得主仍然没有现身，终成弃奖。据了解，2015年12月15日，2注双色球头奖花落新疆，庆贺之余，大奖得主却迟迟没有现身。按照相关规定，中奖者应当自开奖之日起60个自然日内兑奖，随着兑奖截止日期临近，新疆福彩中心多次通过网络、报纸等平台寻找大奖得主。当期兑奖截止日期的最后一天，2月15日，新疆福彩中心安排相关工作人员留守等待大奖得主，直到兑奖时限的最后一刻，大奖得主仍未出现在福彩中心，这意味着1098万元大奖成为弃奖，这是新疆福利彩票上市以来的最大弃奖。“这位中奖彩民实在太大意，太可惜了！”销售该大奖彩票的投注站业主遗憾地说。弃奖让人遗憾，却并不鲜见。1月11日，东莞双色球2565万巨奖没人领取，成为迄今为止我国彩票史上最大的弃奖。根据我国《彩票管理条例》规定，逾期未兑奖的奖金，纳入彩票公益金，因此，1098万元弃奖奖金将纳入彩票公益金，直接用于社会公益事业。
第A11版：,综合,2016-02/17,图斯克称欧盟正面临“危急”时刻,新华社布加勒斯特2月15日电欧洲理事会主席图斯克15日晚在罗马尼亚首都布加勒斯特表示，欧盟正面临一个“危急”时刻，即将举行的欧盟春季峰会将讨论英国的欧盟成员国地位问题和移民危机问题。他希望各成员国竭尽全力应对所有挑战。图斯克当天在与罗马尼亚总统约翰尼斯会晤后举行的联合新闻发布会上说，英国是否留在欧盟只能由英国人民自行决定，但这也关系到欧盟的未来。图斯克说，他提出了欧盟与英国签署一个新协议的建议，但他也承认，目前还有一些政治问题尚未解决。去年11月，英国首相卡梅伦就英国留在欧盟的条件发表演讲，提出欧盟改革的4个目标。卡梅伦表示，如果欧盟对英国的诉求充耳不闻，将不排除英国通过公投脱离欧盟的可能性。
第A13版：,彩票,2016-02/17,春节收红包周口彩民喜领双色球头奖,第A14版：,证券,2016-02/17,豫股全线上涨,周二豫股指数早盘小幅高开，全天维持单边上扬走势，收盘于8596.88点，大涨3.85%，成交金额127.21亿元，较上日成交明显放量。73家豫股上市公司中，5家停牌，其余68家全线上涨。其中黄河旋风、森源电气等7只个股涨停，洛阳钼业、宇通客车等个股涨幅居后。从盘面上看，豫股指数经过连续两日上涨后，已经突破2月4日高点形成的阻力位，且5日、10日均线形成金叉，初步判断豫股指数开始从横盘振荡走势步入振荡上涨走势。大盘方面，周二早盘，两市高开高走，沪指很快涨幅扩大至2%，并重新站上2800点，题材股与权重股齐飙升，两市成交量明显放大，增量幅度超50%。28家申万一级行业全线上涨，其中计算机、国防军工等涨幅居前，银行、有色涨幅相对居后。春节之后的A股表现强势，先是让市场暂时摆脱了外围环境的恶劣，经过周二三大指数的一致性放量上涨，短期下跌趋势扭转，市场迎来可操作性机会。在豫股投资机会上，建议适度增仓参与反弹，但切勿追涨，也不宜仓位过大。投资标的可以选择前期跌幅较大，近两日明显放量的小盘股操作。中原证券
第A14版：,证券,2016-02/17,国旅联合全面转型升级,国旅联合（600358）：公司业绩符合预期，通过处置资产等实现扭亏为盈，同时积极布局户外文体娱乐。给予增持评级。战略发展上，公司将向户外文体产业转型升级，通过投资收购优质项目和产业基金运作实现快速切入。1.体育产业中，取得冬奥会市场开发权以及试水泰拳项目，公司已熟悉如何优先把控上游优质体育赛事资源，收购盈博讯彩和哈林秀王则向体育媒体社区、人才培训等领域延伸，完善生态链。2.文旅产业上，公司与山水盛典合作开发《昭君出塞》等进展顺利，2016年有望实现演出常态化，形成公司业绩新贡献。3.合作设立三大产业并购基金，总规模合计达到45亿元，将为公司体育和文化娱乐旅游项目的开拓提供有效支持。风险提示:酒店经营业绩下滑;转型文旅和体育效果不及预期。国泰君安
第A14版：,证券,2016-02/17,交运业：航空独领风骚物流多点开花,第A16版：,综合,2016-02/17,培养兴趣比培养精英更重要,□记者王小娟这个寒假，河南的青少年或许会感觉有那么点不一样――击剑冬令营、足球冬令营、射击冬令营、马术冬令营……春节前后，各类体育主题的冬令营纷纷开班，相比往年的一些“草台班子”，今年冬令营呈现一个共同的特点，就是由省队的专业团队执教，代表了这项运动在河南的顶尖水平。这些冬令营少则10余人，多则70余人，受训队员有的是从全省各地挑选的苗子，有的则是直接面向全社会征集，在走访冬令营的时候，听到孩子们说得最多的一句话就是“太好玩了，今年夏令营还要来”。一位年轻的母亲幽默地告诉记者，“投资什么都有风险，只有投资孩子的体育爱好稳赚不赔，不管将来能不能成为职业，至少赚了个好身板和好心态。”去年的《中国青少年体质健康行为调查》显示，因城市化的发展，我国60%以上的学生居住环境不具备进行体育运动的条件；在休息和节假日的空闲时间，学生们出去运动的不足30%。而我们的近邻日本，中学里加入各类体育联盟的学生占到所有初中生的近70%。教育部体卫艺司司长、中国足协副主席王登峰曾说：“很多家长认为，孩子在考上好大学之前，可以先不要体育锻炼，等上了大学之后再去‘补’。可现实却是，很多孩子上了大学之后，也不可能去‘补’体育锻炼。”正如退役后一直致力于青少年训练营的姚明所言，“我们不要急于培养下一个可以进入NBA或者CBA的球员，我们希望更多的孩子可以在课余时间进行一项体育运动，学习怎样和同龄人打交道，怎样和同龄人合作。在青少年培训方面我们要设定一个正确的目标――不要那么急地把他们往精英方向推进，更重要的是把他们的兴趣培养出来。”
第A16版：,综合,2016-02/17,省万村千乡农民篮球总决赛开战,□记者王玮皓本报讯为推动全省全民健身事业的持续、健康、快速发展，丰富我省人民群众春节期间的体育文化生活，昨日，中国体育彩票・河南省第八届万村千乡农民篮球总决赛暨河南省第十四届春节农民篮球赛北部赛区比赛在中牟县拉开战幕。据悉，本次比赛由河南省体育局、河南省文明办、河南省农业厅主办，河南省球类运动管理中心、郑州市体育局、河南省篮球协会承办，中牟县教育体育局协办。共有来自省内的郑州、新乡、三门峡等14支队伍160多名运动员参加。自2月16日开始至2月20日结束，设两个赛场。比赛将决出一等奖3个、二等奖4个、三等奖5个、优秀奖2个。比赛结束后南北赛区前四名的队伍将参加河南省第五届万村千乡农民篮球赛南北争霸赛。一年一度的河南省万村千乡农民篮球赛，是河南省群众体育活动的重要组成部分，现已发展成为河南省群众体育品牌赛事，有力地推动了农村体育健康发展。
第A16版：,综合,2016-02/17,斯诺克需要奥沙利文的任性,□邢涛在完全能够打出满分的情况下，奥沙利文故意少得一分。人比人气死人，斯诺克圈子高手如云，但不是每个人都能轻易拿到满分，敢向这一万英镑奖金说不的更是寥寥。当然，奥沙利文的行为随之引来了国际台联主席的不满，称他没有尊重观众。奥沙利文就像一个高傲的学生，因为给的奖品太少赌气，能考100分时偏偏少做一题得99分。国际台联主席赫恩就像考生的父亲，嘴上不满儿子的任性，心里却为儿子得意。当然，这个比喻并不太恰当，但可以说明奥沙利文对国际台联主席以及斯诺克运动的重要性。有了这“不完美”的一击，人们这才知道斯诺克满分奖竟然少得“可怜”。因为奥沙利文，人们又将目光聚焦在斯诺克上。奥沙利文已是40岁的“高龄”，在复出并不算长的时间已经创造了许多个纪录。不久前的冠军联赛第一小组的比赛，奥沙利文在两天的比赛中轰出七杆破百，生涯破百总数超过800杆，成为史上第一人。随后谈笑间拿下个人的第六座大师赛奖杯。斯诺克是项正在萎缩的运动，其顶级赛事世锦赛的最高奖金还不及网球大满贯赛冠军奖金的零头。在这里不去分析斯诺克衰退的原因，但应该知道斯诺克太需要奥沙利文来站台面了。奥沙利文球技精湛，为观众奉上精彩的比赛；他玩世不恭，为读者奉上饭后谈资。有这样的标志性人物，国际台联主席偷着乐吧。
第A16版：,综合,2016-02/17,梅西的点球和奥沙利文的146,第B06版：,养生,2016-02/17,不起眼的小食品暗藏养生奇效,□康佳现代社会人们都追求健康，希望通过各种方式达到养生功效，有些人甚至一掷千金购买各种昂贵的保健品。其实，饮食养生就在身边的细微处，比如一些不起眼的小食品竟然暗藏着神奇的养生功效哦！1.花生功效：预防皮肤病花生中富含的维生素B2，正是我国居民平日膳食中较为缺乏的维生素之一。有意多吃些花生，不仅能补充日常膳食中维生素B2之不足，而且有助于防治唇裂、眼睛发红发痒、脂溢性皮炎等多种疾病。2.核桃功效：润泽皮肤核桃中86%的脂肪是不饱和脂肪酸，核桃富含铜、镁、钾、维生素B6、叶酸和维生素B1，也含有纤维、磷、烟酸、铁、维生素B2和泛酸。核桃仁富含的油脂，有利于润泽肌肤，保持人体活力。3.黑巧克力功效：抗抑郁黑巧克力是指可可固形物含量介于70%~99%，或乳质含量少于12%的巧克力。有研究表明，吃黑巧克力，会给人以愉悦的心情，从而在更大的意义上降低了更多疾病的发生。4.葵花子功效：壮阳葵花子的蛋白质含量为30%，可与大豆、瘦肉、鸡蛋、牛奶相比；各类糖的含量为12%；脂肪含量优于动物脂肪和植物类油脂，葵花子的蛋白质中含有精氨酸。精氨酸是制造精液不可缺少的成分。处在生育期的男人，每天食用葵花子对身体是非常有好处的。
第B06版：,养生,2016-02/17,“雨水”到来，让身体随自然苏醒吧,□记者林辉核心提示|本周五将迎来二十四节气中的第二个节气“雨水”。雨水为万物生长之源，这个节气也意味着春天正向我们走来。那么，在“雨水”之时应在保健养生方面注重哪些呢？“雨水是最容易出现倒春寒的节气，因此，冬天的衣服先别急着脱掉，谨防受凉后诱发呼吸道疾病。”河南中医学院第一附属医院治未病健康管理中心主任李力说，虽然接下来几天，郑州白天的最高温度会超过14℃，但大家还是要穿冬衣的，因为人体也同自然界一样，在春天开始复苏，原先处于“冬眠”的皮肤细胞开始活跃起来，毛孔张开。这时，当冷风袭来时，就能长驱直入，使人感到寒冷。所以，莫要天气稍微转暖就急于脱棉服秋裤，这就是“春捂”。李力提醒，“春捂”也不能过分，以防捂过头使人上火、血压升高，原则是注意下厚上薄，捂的重点在背、腹、足底。“雨水”时节提倡“晚睡早起”。河南中医学院第三附属医院康复科主任胡斌解释说，这是因为雨水以后，天气转暖，阳气回升，万物生发。随着时间推移，白昼时间越来越长，晚上时间随之变短，大家的作息也应随着这种变化而做出相应的调整，所以“晚睡早起”就变得很有必要。当然，“晚睡早起”也是有限度的，晚睡不宜过晚，早起也不能过早。胡斌说，雨水时节睡眠的最好时间是晚上11点到早上6点。同时，若中午能小睡片刻，可给身体一个适应昼长夜短的时间。宜“春捂”，晚睡早起健脾胃，养肝护肝“雨水”时节，由于雨水增多，湿气随之而来，对人体会造成湿困脾胃的危害，产生食欲不振、消化不良、腹泻等症状。而中医认为，脾胃为“后天之本”“气血生化之源”，可见，脾胃健旺是人们健康长寿的基础。胡斌说，雨水前后饮食以平性为宜。应少吃酸味，适当吃甜味，以养脾脏。可选择韭菜、香椿、百合、豌豆苗、茼蒿、荠菜、春笋、山药、藕、芋头、萝卜、荸荠、甘蔗等。雨水前后，在调养脾胃的同时，还应注意养肝。李力解释说，雨水属于春季的节气，春季与肝均属木性，肝的功能正常时，好像春天树木那样条达舒畅，充满生机，因而春季养肝，利于防病保健。李力说，雨水前后人体肝脏功能较为旺盛，故应注意减酸增甘，多进食时鲜果蔬，利于阳气生发。另外，还应注重精神调理，保持情绪乐观舒畅，以使肝气顺达，气血调畅。线索提供张永艳孙璐
第A01版：,头版,2016-02/17,新闻推荐,第A01版：,头版,2016-02/17,郏县好儿媳带着百岁婆婆去打工,【A07版】
第B02版：,策划,2016-02/17,地产班干部“围炉夜话”,第A01版：,头版,2016-02/17,大年初六“勤贼”撬走古桥石刻,【A08版】
第C05版：,生活实验,2016-02/17,自磨豆浆，沸腾后至少再煮 10分钟,第C02版：,热点,2016-02/17,近期主干道又“忙”起来,□记者高鸿鹏通讯员孟繁勇本报讯近日，随着返郑车辆的增多，郑州金水路、花园路等主干道的高峰期车流量已率先恢复至节前的繁忙状态，2月16日，郑州交警部门发布出行提醒，高峰期驾驶员应尽量避免集中驶入主干道，可选择车辆较少的次干道或支路通行。昨天早上7时30分，大河报记者驱车沿纬五路、政六街、黄河路、花园路、金水路等道路通行，明显感觉到金水路、花园路等主干道的车流量比较大，而与主干道平行的一些支路及小路车流量较小。“从2月15日晚高峰开始，金水路车流量已经恢复至节前水平，尤其是东向西方向的车辆更多，已出现行车速度缓慢及排队现象。”郑州交巡警一大队六中队指导员韦佑永分析有四个方面的因素：一是随着春节假期结束，返郑的车辆明显增加；二是金水路呈现西向东出城方向车道逐渐增多，行车速度逐渐加快，而东向西入城方向车道逐渐缩减，行车速度缓慢的现象；三是由于近期陇海快速路音屏障施工造成道路拥堵，很多车辆放弃陇海快速路而改走金水路，另外这两天天气晴好，刺眼的阳光也对行车造成一定的影响。韦佑永建议，由于中小学还处在放假期间，一些和主干道平行的支路和小路相对车少，车主可选择这些道路通行。
第C04版：,民生,2016-02/17,气温如“窜天猴”一下蹿到十几度,□见习记者韩谨伊文记者白周峰摄影本报讯这段时间，郑州的天气如同一只“泼猴”。新年伊始，它给绿城带来了20℃温暖如春的好天；初五时，给绿城带来了罕见的春雨；春节假期结束时，带来了5级大风和狂降8℃-10℃；预计从今天开始郑州又要进入升温期，未来两天最高气温将蹿至16℃。预计今明两天，升温将成为绿城天气的主旋律。今天白天，气温将逐渐回升至较常年同期偏高的态势。据郑州市气象台预测，今天，郑州最高气温将升至13℃；明天天气依旧晴好，气温也将继续上蹿，最高气温将升至15℃，最低气温也将回升至冰点以上，达1℃-2℃。
第C02版：,热点,2016-02/17,陇海快速路被施工拖累成“慢性子”,第C04版：,民生,2016-02/17,2月27、28日近万个岗位等你挑,第C04版：,民生,2016-02/17,今年市区再添 20个街角游园,□记者刘瑞朝本报讯记者昨日从郑州市园林局了解到，未来五年郑州市每年要新增500万平方米绿地，除常规性的市级和区级公园外，今年还将建成20个街角游园，年底前免费开放。在郑州市生态建设和环境治理工作动员大会上，郑州市委市政府确定了“十三五”期间的园林绿化目标。据介绍，未来这5年，郑州市要实现新增森林面积23.7万亩，建设450公里生态廊道，森林覆盖率达到35%以上。园林绿化新建绿地2500万平方米，这也意味着每年要新增500万平方米绿地。而建成区绿地率要达到37%，绿化覆盖率达到42%，人均公园绿地面积达到12.2平方米。此次建设的20个街角游园，类似于经三路农业路西北角、桐柏路中原路西南角等处的规制。20个街角游园于砦游园：工人路于砦安置村北棉纺路游园：棉纺路与桐柏路东北侧合作路游园：合作路陇海铁路交会处东南区域端午路游园：大学路端午路交叉口东南角区域丰庆路游园：丰庆路与国基路交叉口茂华路游园：茂华路（花园路―徐寨路）之间紫东河园：紫东路与紫辰路交叉口东150米紫秀园：城东南路与紫东路交叉口王岗社区游园：迎宾馆与文化路交叉口江山路节点游园：江山路与开元路交叉口平安大道道路游园：明理路至博学路心悦游园：站南路与安平路交会处电子商务游园：商都路与东四环交叉口学子园：红松路、科学大道以北，轻工业学院西门处IT游园：黄栌路与（科学大道―枫香西街）交会处恒大游园：经南三路（第九大街―107辅道路南）滨河新区游园：十五大街以西，经南八路以南新港游园：S102和新港大道交叉口和昌游园：新港十一路与苑林西路东南角航兴游园：航兴路与新港十一路交叉口
第C01版：,绿城新闻,2016-02/17,施工一占再好的车再快的路也是慢,近期陇海快速路因隔音墙施工造成拥堵，市民建议道路施工能否错时？C02版
第C04版：,民生,2016-02/17,本周六，有场大型招聘会,□记者李岚本报讯昨天，记者从巩义市人社局获悉，2月20日将在东区人社局举办“巩义・2016城乡就业春季招聘会”。届时，将推出8000多个工作岗位，供求职者随意挑选。据巩义市人社局工作人员介绍，此次招聘会将有120余家用人单位纳贤求才，提供的各类就业岗位涉及普通操作工、业务销售、电子商务、外贸人员、财务会计、部门主管、商超及餐饮服务等80余个工种。线索提供崔峻萌
第C01版：,绿城新闻,2016-02/17,气温如“窜天猴”从零下蹿至十几度,第C01版：,绿城新闻,2016-02/17,出门看天,今日：晴天转多云，西北风3到4级，-1℃～13℃明日：晴天转阴天，0℃～16℃后日：晴天间多云，西北风4级，0℃～15℃
第C01版：,绿城新闻,2016-02/17,46岁男环卫工正扫地突然摔倒再没醒来,为挣300块钱加班费，他春节只休息了两天大部分收入用于孝敬母亲，娘睡屋他睡楼梯间C06版
第C03版：,市情,2016-02/17,1月空气质量郑州排名倒数第四,□记者刘瑞朝文许俊文摄影核心提示近日全国74个重点城市1月份空气质量排名出炉，郑州从去年11月份的后十名开外，先是跌到倒数第八，上个月又跌到了全国倒数第四，这个位次比去年同期还低一位。据了解，郑州今年的治霾新目标是空气质量排名要从全国倒数第五冲出“后十位”。【排名】1月空气质量，郑州排名仍在“后十”环境保护部环境监测司司长罗毅近日向媒体通报说，1月，按照《环境空气质量标准》（GB3095-2012）评价，全国338个地级及以上城市平均达标天数比例为66.7%，同比上升13.6个百分点。在京津冀、长三角、珠三角区域及直辖市、省会城市和计划单列市等74个城市中，保定、乌鲁木齐、邢台、郑州、石家庄、邯郸、济南等21个城市达标天数比例不足50%。超标天数中以PM2.5为首要污染物的天数最多，其次是PM10。按照城市环境空气质量综合指数评价，1月74个城市中，空气质量相对较差的10个城市（从第74名到第65名）依次是保定、乌鲁木齐、邢台、郑州、石家庄、邯郸、济南、衡水、西安和唐山；空气质量相对较好的10个城市（从第1名到第10名）依次是海口、惠州、拉萨、厦门、深圳、江门、肇庆、东莞、福州和昆明。记者注意到，郑州的排名近期在连续下跌，去年11月份在后十名之外，去年12月份下跌至倒数第八，今年1月份继续下跌至倒数第四。【分析】1月前10天，4个重度污染+5个严重污染+1个轻度污染罗毅说，总体来看，1月全国地级及以上城市空气质量有所改善，平均达标天数比例同比上升，PM2.5等六项指标浓度同比均下降，重度及以上污染天次有所减少。但具体到郑州来说，情况并不太乐观。记者注意到，去年1月份郑州的排名为倒数第五，这也意味着，郑州2016年的起点比2015年要低一位。按照空气质量级别，1月份郑州没有1天是“优”，重度污染以上的天气主要集中在上半月。根据分析，郑州空气污染的首要污染物仍以PM2.5和PM10为主，但在重污染以上的空气质量条件下，首要污染物仍为PM2.5。1月1日到1月10日期间，郑州有4天是重度污染，有5天是严重污染，1天是轻度污染。【相关】环保部通报正月初五、初六空气质量，新乡被点名环保部监测司副巡视员刘舒生说，正月初五至初六（2月12日19时至2月13日6时），我国338个地级及以上城市监测结果显示，279个城市空气质量优良，其余59个城市空气质量超标，其中10个城市达到重度及以上污染。河南新乡市，河北石家庄市、邢台市，吉林白山市和山东莱芜市等5个城市空气质量为重度污染。
第C03版：,市情,2016-02/17,固定资产投资今年完成670亿,□记者王新昌核心提示今年是郑州实施国际商都规划和“十三五”规划的开局之年。大河报记者从昨日召开的郑东新区2016年度工作会议上获悉，郑东新区今年提出固定资产投资完成670亿元，“十三五”主要指标增速要比全市平均水平高出1个百分点的发展目标。会议还具体部署了金融豫军、教育医疗等民生目标。“十三五”主要指标增速比全市高出1个百分点会议提出，今年要完成固定资产投资670亿元，公共财政预算收入完成86亿元，双双增长10%以上，而金融业增加值要增长13%以上、占三产比重达到58%以上，进一步提升金融业集聚发展水平。“十三五”主要指标增速要比全市平均水平高出1个百分点。融入“一带一路”力争金融新突破目前郑东新区正在抢抓国际商都建设和自贸区申建，融入国家“一带一路”战略。全年要引进各类金融机构20家以上，以韩资、澳资和“一带一路”沿线金融机构等为重点，力争外资银行引进实现突破，推动进出口银行、浙商银行入驻，从而实现政策性银行、全国性股份制银行全部进驻，并推动民营银行以及矿产品、钢材等大宗商品交易中心尽快组建。加快发展新兴金融业态，设立产业发展引导基金，支持第三方支付、股权众筹、P2P、征信等互联网金融企业规范发展，引导股权投资机构和私募证券投资机构有序发展。配套学校全部开工，新增7500个学位2016年郑东新区将围绕建成区配套学校将全部开工的目标，确保康庄路小学等24所中小学幼儿园上半年开工，建成五十四中等学校4所，完成投资10亿元，新增学位7500个；抓好“三医疗一平台”（优质医疗机构、基本医疗单位、公共医疗卫生中心，互联网+医疗服务平台）建设，完成投资15亿元；加快推进17个社区卫生服务中心建设。2020年底前，要投资46亿元新建、改扩建中小学（幼儿园）47所，增加学位8万个，全面建成33处片区级便民服务中心。
第B07版：,慢病,2016-02/17,冬末春初，慢性肾炎易反复,□记者林辉核心提示|冬末春初是心脑血管、呼吸道、胃肠道等疾病的高发季节，肾脏疾病也不例外，尤其是慢性肾炎容易出现反复。据天气预报，本月月底还会再次大幅降温。如何降低慢性肾炎复发的几率呢？来看看专家怎么说。注意保暖防止感冒郑州大学附属郑州中心医院肾病风湿科主任史振军介绍，气温大幅度下降会对人体免疫造成影响，而慢性肾炎患者若感冒，当天或次日会使病情复发加重。所以，患者必须注意保暖防止感冒。同时，在天气较冷时，人体的代谢废物通过皮肤排泄减少，因此肾脏的代谢负担较其他时段明显增大，这也是慢性肾炎患者病情容易反复的原因之一。“慢性肾炎患者得了感冒，有时不一定能很快察觉病情变化，等到出现身体浮肿时，肾功血肌酐翻倍增升，导致肾脏损害严重。”史振军提醒慢性肾炎患者，如果患了感冒，最好到医院进行晨尿、血肌酐以及B超等检查。此外，感冒后不能自己随意在药店买药吃，一定要按医生处方用药，以免加重肾脏的负担。饮食不当加重病情冷空气会造成人们胃口大增。一些慢性肾炎患者容易忽略自身问题，饮食不节制，导致摄入过多盐、蛋白质和脂肪等会加重肾病的食物。郑州大学第二附属医院肾病风湿免疫科副主任医师张文吉说，蛋白质被慢性肾炎患者摄入体内后，被组织利用，而血液中的尿素氮、肌酐等物质就是其代谢产物。倘若人体摄入蛋白质增加，会造成含氨代谢废物增加，肾脏工作负荷就加大了，若肾脏排泄不了，血肌酐会增高，严重者会导致尿毒症。“慢性肾炎患者每日蛋白质摄入量宜控制在60～80克以内，尽量吃鸡蛋、瘦肉、鱼虾、牛奶等优质蛋白质，要注意限制磷的摄入，肉汤、动物内脏、坚果等要少吃。”张文吉说，患者还要注意低盐饮食，尽量少吃甚至不吃腊肉、咸菜等腌制品。如果出现有浮肿、尿量减少，患者也可在医生的指导下进行具有利尿作用的食疗。已经出现少尿的慢性肾炎患者，为了防止高钾血症的出现，还要限制含钾高的水果、果汁或蔬菜、菜汁等的摄入，如香蕉、柑橘、椰菜等。线索提供封宁彭永强
第B07版：,慢病,2016-02/17,立体定向消融放疗精准治疗早期肺癌,□记者林辉据统计，肺癌中80%为非小细胞肺癌，确诊时约20%病人属于早期（I期）。目前，这个阶段手术治疗虽是首选方案，但还有25%左右的早期肺癌患者，因为肺功能或其他伴随疾病，而无法接受手术治疗或不愿接受手术。我省75岁的右肺中叶早期腺癌患者张女士就因合并心脏病、脑血管病和肺气肿而面临这样的困局。“针对张女士这部分患者，过去常规放疗的治疗效果不佳，现在随着影像引导下放疗技术的巨大进步，立体定向消融放射治疗（简称SABR）疗效已和手术相似，在国际上已成为不能或拒绝手术的早期肺癌患者的标准治疗手段。”河南省肿瘤医院呼吸放疗二病区主任葛红说，针对张女士的病情，病区制定了精细的SABR方案，并由留美归来的医学物理师毛荣虎制订了精确的放疗计划。不但每次在SABR照射前给予CBCT验证，而且在使用Truebeam直线加速器治疗过程中采用实时动态监控肿瘤的运动，精确照射肿瘤的同时最大限度地保护了肿瘤周围的正常器官和组织，最大限度提高肿瘤控制率降低并发症。“SABR的原则应是大剂量、少分次、短疗程。”葛红介绍说，根据病灶部位、距离胸壁的距离等因素综合考虑，通常照射4次或5次，相当于常规照射40～50次的生物效应剂量。所以在制订SABR计划时，应充分考虑、谨慎评估器官组织如脊髓、食管、气管、心脏、胸壁及臂丛神经等的耐受性，避免并发症的发生，而且必须在影像的引导下，精确度能够达到亚毫米级。线索提供杨成梁白冰
第C03版：,市情,2016-02/17,高新区要建中原地区首个文创商业公园,□记者刘瑞朝通讯员赵翔宇本报讯昨日上午，郑州高新区8个省市重点项目集中开工仪式在国际文化广场项目所在地举行。这其中有大型的国际文化广场、商业文化公园项目，也有满足化工路沿线居民购物需求的购物广场项目，还有解决西四环以西、绕城高速以东区域用电需求的变电工程项目。国际文化广场占地约300亩，位于银屏路、雪松路、枫杨街及科学大道合围区域内，主要建设高端文化中心及配套服务设施。据了解，国际文化广场将建设中原地区首个StreetMall文创商业公园――东街・西巷。东街的定位是热闹，内有集合书城、文化剧场、健身房、运动品牌工厂店、健康管理中心、趣味运动馆、娱乐冒险、酒吧街、餐饮街（中餐）、城市设计广场，西巷的定位是私家，内有主题影城、艺术拍卖、（大河）城市展厅、手工艺术主题馆、MINI科技体验馆、特色餐饮（咖啡、甜点、西式餐饮）、亲子活动草坪。郑州旭鑫国际西湖购物广场项目，总占地面积31.2亩，总建筑面积达到了10万平方米，是集文化、购物、餐饮、商务办公于一体的大型购物广场，旨在解决化工路沿线居民的购物需求。作为智慧城市的一部分，郑州高新供水有限责任公司智慧水务项目和郑州高新热力有限责任公司智慧热力项目昨日同步开工。110千伏雪莲输变电工程和110千伏爱民（万科）输变电工程同时开工，这两个项目旨在解决高新区西四环以西至绕城高速以东区域用电需求。中国移动（河南郑州）数据中心，是继中国联动数据中心后，落户于高新区的又一个大数据收集和分析中心。郑州永和制药有限公司生产基地，也是昨日开工的一个重点项目。
第A06版：,时讯,2016-02/17,全省去年获法律援助案件总数居全国首位,第A05版：,时讯,2016-02/17,省委巡视工作“再启程”，省纪委书记尹晋华提了哪些要求？,□记者王磊本报讯2月16日，2016年度第一轮巡视工作动员部署会议在郑州召开。省委常委、省纪委书记、省委巡视工作领导小组组长尹晋华，省委常委、组织部部长、省委巡视工作领导小组副组长夏杰，省纪委副书记、省监察厅厅长、省委巡视工作领导小组成员米剑峰，省委组织部副部长、省委巡视工作领导小组成员朱是西，省委巡视办主任、省委巡视工作领导小组成员张战伟出席会议。省委常委、省纪委书记、省委巡视工作领导小组组长尹晋华首先对去年的巡视巡察工作给予肯定，他指出，过去的一年，我省巡视工作认真贯彻中央巡视工作方针，加大力度，加快节奏，改进方式，讲求实效，取得了令人瞩目的成绩。先后完成3轮对99个单位的专项巡视，累计实现对省辖市、省管国有骨干企业、省直管县（市）和县（市、区）“四个板块”的首轮覆盖，对50个市厅级单位巡视整改情况进行了“回头看”。同时，创建巡察制度，构建巡视巡察一体监督格局，巡视巡察同向发力、优势互补，在推进全面从严治党中发挥了不可替代的作用。省委对巡视巡察机构的工作是充分肯定的，人民群众对巡视巡察效果是普遍认可的。尹晋华强调，2016年，我省巡视巡察工作总的要求是：全面贯彻党的十八大和十八届三中、四中、五中全会和中央纪委六次全会精神，深入学习贯彻习近平总书记系列重要讲话精神、《中国共产党巡视工作条例》和省委决策部署，更加注重发现问题、更加注重成果运用、更加注重制度规范建设、更加注重巡视巡察一体化，进一步提升水平、扩大成效。尹晋华特别强调，在2016年，省级巡视要完成党的十八大以来的首轮全覆盖，这是硬任务、硬指标，要全力以赴，在确保质量的前提下如期实现。
第A03版：,众议,2016-02/17,政府下文干预司法源于处罚机制缺位,□钟文文朱慧卿图去年10月，安康市汉滨区关庙镇发生一起因醉驾逆行引发的交通事故，两名肇事者因为涉嫌寻衅滋事和危险驾驶罪被警方提请逮捕。不料一个月后，当地镇政府却给检察机关发出一份《情况说明》，希望放出一个人解决欠薪问题。两名嫌疑人均被取保，引发公众质疑。（据《华商报》）地方政府下文以解决欠薪问题为由希望检察院不批准逮捕犯罪嫌疑人，这是什么理由？无辜欠薪本来就违反了有关规定，拖延后再还钱已经不对，咋就成为了犯罪嫌疑人不被逮捕的理由？很明显，这又是一起典型的地方政府下文干扰司法判决的违法事件。作为行政部门，根本没有任何权力利用政府公文干扰司法部门对案件的处置和判决，地方政府之所以一而再再而三地这样做，就是缺乏对这种行为的惩罚机制。希望这种状况能够在目前正在推行的“以审判为中心”的司法改革中得到解决。
第A03版：,众议,2016-02/17,素质作业何以变成“家长作业”,□本报评论员赵志疆本周过完，郑州市幼儿园和中小学将陆续开学。大河报记者调查发现，这几天，许多家长除了应付工作外，还在“加班加点”地替娃补寒假作业，其中尤以手工作业居多，不少家长纷纷吐槽“补作业补得心焦”。（详见今日本报A04版）家有小学生，并不是一件容易的事――除了每天辅导孩子背诵课文、默写生字，还要逐一签字确认。当然，这还不算什么，更令家长抓狂的是，隔三差五总有一些素质作业等待家长辅助完成――今天做手工，明天手抄报，后天PPT……想做一个合格的家长，没有“十八般武艺样样精通”的过硬本领，别说难过学校那一关，自己的孩子怕是都不答应。随着素质教育的深入开展，传统意义上的书面作业越来越少，随之而来的是旨在锻炼孩子动手、动脑能力的素质作业不断增加。这原本是一件活跃孩子思维的好事，而且，家长与孩子共同参与的形式，本身也不失为一次生动的亲子教育实践。问题是，随着素质作业门槛的不断提高，越来越多的孩子逐渐丧失了参与的能力与兴趣，乃至素质作业成了不折不扣的“家长作业”，由此不仅使家长勉为其难，素质作业本身也失去了其应有意义。素质作业日渐水涨船高，一个很重要的原因是因为有不少“学霸”父母倾力相助。无论多么刁钻的素质作业，总有家长能交上一份满意的答卷，即使是寻常的手抄小报，也不乏有家长雇美工、买模板，力争完成得美轮美奂。家长乐此不疲的同时，孩子自是乐得当撒手掌柜，在家长的才艺大比拼中，素质作业的门槛不免水涨船高。显而易见，还原素质作业的本来面目，首先就要抛开家长的攀比心态。家长的攀比心态除了自身原因之外，也与学校乃至老师的某些做法不无关系――时下，不少学校班级都有自己的QQ群，很多老师习惯于在其中展示高质量的学生作业，这固然是表扬先进，但无形中也增加了家长压力，从而激发起家长的攀比心态。虽然不少老师表示，只要参与就行，但无论家长还是孩子，谁不愿意得到老师的表扬，而甘于做一个默默无闻的参与者呢？素质作业之所以变成“家长作业”，关键在于学校与家长之间的角色定位模糊。以往不少家长想当然地认为，上学之后教育就是学校的责任，这样的想法自然不可取，不过，素质作业似有矫枉过正之嫌――任由家长成为其中主力，充其量不过是“锻炼”了家长的素质。学校的职责是知识教育，家长的职责是人格培养与习惯养成，两者当然互有交集，但无论如何都不应彼此替代――学校既不是家长的保姆，家长也不该沦为学校的附庸。岁末年初，北京、浙江相继叫停制作各类小报等“家长作业”，这种理念和做法不无借鉴意义。
第A05版：,时讯,2016-02/17,县委办公务接待费超标近400万元,第A05版：,时讯,2016-02/17,10个巡视组月底前进驻完毕,第A04版：,今日关注,2016-02/17,娃娃将要开学家长“突击”补作业,□记者谭萍文许俊文摄影核心提示|“和我一样在补娃的寒假作业的，还有谁？”昨天，郑州一位妈妈在朋友圈征集“同盟军”，引发不少好友共鸣，纷纷吐槽“补作业补得心焦”。本周过完，郑州市幼儿园和中小学将陆续开学。大河报记者调查发现，这几天，许多刚刚上班的家长们除了忙工作外，还在“加班加点”地替娃补寒假作业。其中，尤以孩子的手工作业居多。比如，手绘一本绘本、制作关于过年的作品集，以及做手抄报、海报和纪念册等。家长吐槽1做海报、画绘本，全家突击补作业有些寒假作业，的确超出了孩子的能力“刚过完春节，也不知道照片冲印店开门没？”昨天，接受记者采访时，家长王女士正和朋友讨论去哪儿冲洗孩子的假期旅行照片。王女士的儿子今年上幼儿园小班，她要冲印的照片正是孩子的寒假作业。“老师说，假期要给孩子们留下美好的回忆，让家长和孩子一起用文字和照片制作成海报，开学交上，还得评比呢！”王女士说，孩子刚上小班，还不会写字，这作业只能由家长来完成。最让王女士崩溃的是，儿子的寒假作业不止这一个，还有一项“几乎难以完成”的作业：手绘一本绘本。“看到这个作业我就蒙了，孩子这么小，他能画出绘本吗？”王女士说，这几天家长群里都在讨论孩子们的作业，被吐槽最多的就是这个手绘本了。最后，王女士硬着头皮扛起了这个“光荣任务”。“这几天我是每天晚上画一幅，挑灯夜战啊，孩子他爸看我这么忙，就主动领了做海报的任务。”王女士感慨：为了孩子的寒假作业，他们家真是全家总动员，突击赶作业。家长吐槽2有些寒假作业，孩子真的做不完家长代劳的另一个原因是，部分学校的作业量太大了这两天，郑州家长张女士也在帮着孩子赶作业。在她看来，孩子的寒假作业太多了。张女士的女儿今年上小学二年级，她将女儿的寒假作业清单展示给记者――1.开学要举行作业展活动，每个孩子要制作一个关于过年的作品集：一、了解年文化，用图片加文字，图片要配3张；二、以我们的节日为题写一篇日记；三、参加一项传统民俗活动，用图片加文字的形式记录；四、孩子帮家长做家务，以图片加文字的形式记录，开学交。2.语文：写四篇日记，每天都要阅读短文，每天写一篇读后感，写一页字帖。3.数学：学习一本《马小跳学数学》。4.英语：每天看一部英语电影，读一篇课文。5.日有所诵，每天背一篇，共32篇。“这作业真的是太多了，还很琐碎，家长每天还要根据孩子的完成情况来签字。”张女士说，过完节后，她每天都在和孩子一起赶作业，“感觉有些作业就是给家长布置的，孩子完成不了。”记者调查孩子手工作业，超八成家长代替完成家长所代劳的，以低年级的手工作业居多家长代替孩子突击补寒假作业的情况多吗？昨天，记者随机采访了40名家长，超过80%的家长坦言，正帮或曾帮孩子补寒假作业。在这些寒假作业中，以手工作业居多，被家长代替写作业的也多为幼儿园和小学一至三年级的低年级学生。“没办法，孩子的作业里有一项写4篇读后感，再配图、装饰，打印成报纸的样子。”家长冯先生坦言，为了孩子的作业，他甚至花钱买了一台彩色打印机，“要不然就得经常上复印店”。家长刘先生则苦笑说，帮孩子赶作业，让他学了许多新技能。“孩子的寒假作业里有一项是做关于过年的PPT，就是要求孩子把春节期间和年味儿有关的所见所闻做成图文并茂的幻灯片，我都不怎么会，孩子更不会了。”刘先生说，为帮孩子完成作业，他只好“现学现卖”，网上自学如何制作PPT，甚至还专门“恶补”了作图软件Photoshop的攻略，省去老找人帮忙作图的麻烦。因为增加了家长“元素”，孩子的寒假作业变了“画风”。一个建议家长“代劳”作业不如变成亲子交流“假期作业的意义是为了让学生温故知新。”郑州市某重点小学一位不愿具名的班主任表示，如果孩子的寒假作业由家长“代劳”，就失去了老师布置作业的意义。提到寒假里的手工作业时，这名班主任说，无论是制作手抄报、PPT，还是做灯笼、拍视频等，有些确实需要家长参与，因为家长和孩子的亲子交流也是一项很重要的作业，尤其对小学低年级的孩子来说尤为重要。而在完成这些作业的同时，家长们不仅可以密切亲子关系，还能借机教给孩子一些传统节日的知识，一举两得。他表示，有些在家长们看来孩子很难完成的作业，不妨让孩子去尝试一下，也许孩子会带给你惊喜。“以手绘绘本为例，老师也许只是想让孩子练习一下绘画，或者通过绘画讲述故事，而家长们或许想得有点儿‘高标准’，觉得孩子画不出来。其实孩子不需要画得工工整整，只需要放开想象就行，我想这才是老师布置这项寒假作业的初衷。”不过，该班主任也坦承，有些学校的寒假作业确实布置得有些多，家长心疼孩子帮忙完成作业；还有些是因为孩子假期太磨蹭，家长不得不突击替孩子赶作业。“在以往的寒假作业里，我也发现过家长代写的痕迹。”他建议，不管作业是否好完成，家长们最好不要“代劳”，而是指导，变家长“亲自作业”为亲子交流，以免孩子产生依赖思想。希望布置给孩子的寒假作业“少而精”一种声音采访中，不少家长向记者诉苦：“老师布置的作业，家长很多都得参与，能否布置一些别让家长参与太多，又能发挥孩子积极主动性的作业？”也有家长建议，寒假本来时间就短，作业能否“少而精”？家长徐女士说，她曾看到成都一所小学的数学老师给学生布置的寒假作业是“我的观察日记”，即“看着蒜瓣抽芽，长出绿绿蒜苗，每天记录下它生长的高度，然后用所学的数学图表知识展现出来”，“这多有意思呀！”家长杨先生则建议，寒假时间短，不如给孩子布置一些务实的实践作业，比如让孩子学做一道菜、学会洗衣服拖地等必备生活技能。或者，给每个孩子布置的作业可以不一样，也可以让孩子自己定个寒假挑战目标，比如一分钟跳绳100次，完成一次调查报告，进行一次社会实践等。他山之石浙江叫停了“家长作业”老师的作业要怎么布置？今年初，浙江省教育厅发布《改进与加强中小学作业管理指导意见》，其中要求，作为作业第一责任人，教师应布置重在促进运用与学生自我体验的实践性作业。同时，教师不得布置超越学生能力的作业，不能要求家长批改教师布置的作业或纠正孩子的作业错误，不得要求家长通过网络下载并打印作业。其中，还列举了听读作业、听记作业、数学拓展作业、制作各类小报、搜集资料作业、要求准备物品的综合性作业、要求学生游遍指定的博物馆、让孩子参与投票点赞、网上“争章”活动、假日小队活动、读书征文活动等11种有可能增加学生和家长负担的作业的情形。
第A03版：,众议,2016-02/17,大河微评,“痛经假”是一件不该管也管不好的事情女性工作者痛经时还要坚持上班？继海南、湖北等地之后，安徽省也出台了“痛经假”相关政策。日前，安徽省政府在常务会议上通过的相关文件规定，自今年3月起，女职工可通过医疗机构出具的证明向用人单位申请“痛经假”。舒圣祥：女性“每个月的那几天”与排卵期的计算紧密相关，自然是女性最重要的个人隐私之一。痛经假虽然出发点是关爱，却是以牺牲女性隐私作为代价，如果领导是男性，自然更是尴尬――就好像明白告诉他自己的排卵期。这样的本质决定了，痛经假即便为女性同胞所肯定，也很难被女性同胞所执行，怎么说是一回事，怎么做则是另一回事。更何况，只要“痛经假”以法律形式明确，用人单位就有可能将之视为聘用女员工的“劣势”，从而基于莫须有的成本考虑，作出对女员工不利的选择。shengx：在很多公司里，请病假都是不需要开证明的；如果真有女职工因为痛经请假，大概也不需要开证明。相比之下，需要开证明的痛经假法律规定，究竟有何更进一步的保护意义呢？说到底，痛经假其实是权力深入企业内部的一种不必要的干预。企业自己就能做好的事情，权力非要以保护职工的名义去管一管；管得好也还好说，可是明明又管不好，写了不仅白写，写了甚至不如不写。中央多次强调要“把不该管和管不好的事情交给市场去管”，痛经假正属此列。“书店借书图书馆买单”这个改革一举多得2016年1月起，杭州图书馆和新华书店联袂推出“悦读服务”，只要读者出示杭州住址的身份证或市民卡并下载一个手机客户端，就可在新华书店里借走想看而图书馆里没有的新书，每人每次可借20本新书。读者借阅的书籍则由杭州图书馆埋单。段思平：这是一项具有创新意义的文化惠民工程，有利于图书馆书目的更新升级。如今很多人不愿意去图书馆，就是因为图书馆的书大多过于陈旧，难以满足自身需求，一些图书馆图书借阅率非常低。如果读者能在书店借书，进而让图书馆买下，就可以倒逼图书馆更新书目，并提升国民阅读率。siping：有效避免了图书馆采购的盲目性。图书馆采购书目毕竟是少数人闭门造车的结果，甚至是一些采购人员想当然的行为。由于不能准确预测读者的需求，图书馆采购的许多书目常年无人问津，这无疑是一种资源浪费。当千千万万的读者都成为图书馆的“采购员”，就能提高采购的效率和书籍的利用率。duansip：此举有利于规避采购中可能产生的腐败行为。近年来，国家加大了对文化事业的扶持力度，图书馆早已不是人们想象的“清水衙门”。比如前复旦大学图书馆馆长葛剑雄就曾炮轰“图书采购回扣”问题，称“有些图书馆每年花几千万元买书，会有几百万元的回扣，最后变成奖金发放”。如果普通读者大量为图书馆“采购”，显然可以有效减少“采购回扣”的可能。
第A03版：,众议,2016-02/17,“天价鱼”事件:真相到底在哪里？,□王石川16日早上，记者打通了哈尔滨天价鱼事件的常州游客陈先生的手机，他告诉记者，他当初微博上发的内容完全属实，情况就是微博上说的那样。那个鳇鱼的斤两，还是10.4斤，店方绝对是搞错了。至于店方出示的一个签了“陈”字的菜单，陈先生表示，“那肯定不是我签的字，这个可以做笔迹鉴定！”（详见今日本报A10版）哈尔滨天价鱼事件第二次反转了。第一次反转是针对陈先生发在网帖上的内容，哈尔滨松北区发布调查称，饭店明码标价，陈某并无异议。鳇鱼销售价格不在政府指导价和政府定价范畴之内，所谓的缺斤短两并不属实。剧情转来转去，可把我们转晕了。究竟谁撒谎了？真相到底在哪里？好在陈某表示，他愿意配合哈尔滨方面调查组的调查。陈某等于将球踢向了哈尔滨方面。其实，哈尔滨天价鱼事件，出现连续反转并非坏事。不断对质，不断矫正，才能最终逼近真相。兼听则明，偏听则暗，如果只听一方面说，我们就会被牵着鼻子走，被当成猴子耍。在关注真相的同时，我们也该思索几个问题。其一，景区宰客现象确实存在，这是网友一看到所谓的天价鱼事件就容易冲动的原因。其二，面对已发生的宰客现象，执法部门和监管部门有责任依法公正调查处理，不让“一粒老鼠屎坏了一锅汤”。其三，商贩须守法，游客也须守法，谁都不能挑战法律，更不能操纵舆论。天价鱼事件目前仍有疑点，比如尽管明码标价，是否就可随意涨价。再比如导游将游客带来特定地方，是不是限制了游客的选择权？最重要的是，面对陈某反映有人冒充他签字，当地应该尽快调查。无论真相如何，我们都不得不面对一个尴尬的现实，当前社会互信度不高。此前，中国青年报的一项调查显示，82.4%的受访者感觉当前人与人之间的互信度低。对此，学者郭世佑认为，在从计划经济转为市场经济的过程中，工业文明里的“逐利”被放大，而成熟的法制体系、商业诚信原则等没有很好地建立。此外，过去某些社会运行机制还催生了一批说假话的人，这是导致社会信任危机的一个历史因素。接下来，哈尔滨天价鱼事件的剧情，会不会再度反转？真相在路上，我们一起等。但可确定，比发现真相更难的是如何重建社会诚信，如果社会诚信度不高，青岛天价虾事件就会此起彼伏。
第A03版：,众议,2016-02/17,今日评论,关键词“补作业”学校的职责是知识教育，家长的职责是人格培养与习惯养成，两者当然互有交集，但无论如何都不应彼此替代――学校既不是家长的保姆，家长也不该沦为学校的附庸。
第A02版：,要闻,2016-02/17,出现“虚假脱贫”要约谈主要负责人,近日，中共中央办公厅、国务院办公厅印发了《省级党委和政府扶贫开发工作成效考核办法》（以下简称《办法》），适用于中西部22个省（自治区、直辖市）党委和政府扶贫开发工作成效的考核。《办法》自2016年2月9日起施行。2012年1月6日印发的《扶贫开发工作考核办法（试行）》同时废止。考核时间从2016年到2020年，每年开展一次，年底开始实施，次年2月底前完成，由国务院扶贫开发领导小组组织进行。考核亮点国务院扶贫开发领导小组委托有关科研机构和社会组织等第三方，采取专项调查、抽样调查和实地核查等方式，对相关考核指标进行评估。考核内容（一）减贫成效。考核建档立卡贫困人口数量减少、贫困县退出、贫困地区农村居民收入增长情况。（二）精准识别。考核建档立卡贫困人口识别、退出精准度。（三）精准帮扶。考核对驻村工作队和帮扶责任人帮扶工作的满意度。（四）扶贫资金。依据财政专项扶贫资金绩效考评办法，重点考核各省（自治区、直辖市）扶贫资金安排、使用、监管和成效等。责任追究出现下列问题的，由国务院扶贫开发领导小组对省级党委、政府主要负责人进行约谈，限期整改；情节严重、造成不良影响的，实行责任追究。（一）未完成年度减贫计划任务的；（二）违反扶贫资金管理使用规定的；（三）违反贫困县约束规定，发生禁止作为事项的；（四）违反贫困退出规定，弄虚作假、搞“数字脱贫”的；（五）贫困人口识别和退出准确率、帮扶工作群众满意度较低的；（六）纪检、监察、审计和社会监督发现违纪违规问题的。据新华社电
第A02版：,要闻,2016-02/17,国家重点研发计划启动涵盖59个重点专项,“973计划”“863计划”即将成为历史名词。记者从科技部例行新闻发布会上获悉，国家重点研发计划首批重点研发专项指南已于16日发布，这标志着整合了多项科技计划的国家重点研发计划从即日起正式启动实施。科技部副部长侯建国介绍说，国家重点研发计划整合了原有的973计划、863计划、国家科技支撑计划、国际科技合作与交流专项，发展改革委、工信部管理的产业技术研究与开发资金，以及有关部门管理的公益性行业科研专项等内容。计划主要针对事关国计民生的农业、能源资源、生态环境、健康等领域中需要长期演进的重大社会公益性研究，以及事关产业核心竞争力、整体自主创新能力和国家安全的战略性、基础性、前瞻性重大科学问题、重大共性关键技术和产品、重大国际科技合作等。他表示，国家重点研发计划目前形成了59个重点专项的总体布局和优先启动36个重点专项的相关建议，经国家科改领导小组审议通过后，现已得到国务院批准。根据“成熟一批、启动一批”原则，最先启动2016年度项目申报的9个重点专项分别为纳米科技、量子调控与量子信息、大科学装置前沿研究、蛋白质机器与生命过程调控、粮食丰产增效科技创新、现代食品加工及粮食收储运技术与装备、畜禽重大疫病防控与高效安全养殖综合技术研发、林业资源培育及高效利用技术创新、智能农机装备。综合新华社、中新网消息
第A02版：,要闻,2016-02/17,2030年前后发射三颗引力波探测卫星,据新华社电美国LIGO实验组近日宣布成功探测到引力波，震动世界。中国也正在积极布局引力波探测和研究，中国科学院16日公布了空间引力波探测与研究的“空间太极计划”。按照这一计划，我国将在2030年前后发射由位于等边三角形顶端三颗卫星组成的引力波探测星组，用激光干涉方法进行中低频波段引力波的直接探测。主要科学目标是观测双黑洞并合和极大质量比天体并合时产生的引力波辐射，以及其他的宇宙引力波辐射过程。据介绍，空间引力波探测被列入中科院制订的空间2050年规划。2008年由中科院发起，中科院多个研究所及院外高校科研单位共同参与，成立了中国科学院空间引力波探测论证组。经过几年的努力，目前已形成中科院院士胡文瑞、吴岳良为首席科学家的“空间太极计划”工作组，在引力波源的理论及探测研究和卫星技术研究上取得了诸多进展。
第A06版：,时讯,2016-02/17,全省法院院长开会今年将构建天罗地网打“老赖”,第A02版：,要闻,2016-02/17,八类人可申请国家司法救助最多可领“36个月平均工资”,□记者韩景玮本报讯受到不法伤害后打赢了官司，却依然得不到赔偿。一些刑事、民事案件，因案件无法侦破或被告人无财产可供执行，致使受害人及其近亲属得不到有效赔偿，生活陷入困境，存在令人难以接受的尴尬。2月15日，记者从公、检、法、司等多部门了解到，继在我省法院试行刑事被害人救助制度后，我省又先后出台《关于建立完善国家司法救助制度的实施意见（试行》，并强调在全省全面实施该项惠民措施。申请条件1.刑事案件被害人受到犯罪侵害，致使重伤或严重残疾，因案件无法侦破造成生活困难的；或者因加害人死亡或没有赔偿能力，无法经过诉讼获得赔偿，造成生活困难的。2.刑事案件被害人受到犯罪侵害危及生命，急需救治，无力承担医疗救治费用的。3.刑事案件被害人受到犯罪侵害而死亡，因案件无法侦破造成依靠其收入为主要来源的近亲属生活困难的；或者因加害人死亡或没有赔偿能力，依靠被害人收入为主要生活来源的近亲属无法经过诉讼获得赔偿，造成生活困难的。4.刑事案件被害人受到犯罪侵害，致使财产遭受重大损失，因案件无法侦破造成生活困难的；或者因加害人死亡或没有赔偿能力，无法经过诉讼获得赔偿，造成生活困难的。5.举报人、证人、鉴定人因举报、作证、鉴定受到打击报复，致使人身受到伤害或财产遭受重大损失，无法经过诉讼获得赔偿，造成生活困难的。6.追索赡养费、抚养费、抚育费等，因被执行人没有履行能力，造成申请执行人生活困难的。7.对于道路交通事故等民事侵权行为造成人身伤害，无法经过诉讼获得赔偿，造成生活困难的。8.党委政法委和政法各有关单位根据实际情况，认为需要救助的其他人员。申请流程1.告知法院、检察院、公安、司法行政机关具有提醒当事人的义务。2.申请根据自身实际，当事人向法院、检察院、公安、司法行政机关直接提出申请。3.审批接到申请，办案机关应当在10个工作日内，作出是否给予救助和具体救助金额的审批意见。4.发放在收到财政部门拨付款后2个工作日内，通知申请人领取救助金。我省主要支付救助金，支付标准以案件管辖地上一年度职工月平均工资为基准，一般在36个月的工资总额之内。一个提醒当事人须“无法通过诉讼获得有效赔偿”“司法救助是有限的，是国家对被害人的一种补救，而不是赔偿刑事被害人的一切损失，是‘救急不救贫’，只能解决其最紧迫的生活困难、医疗需求。”省社科院法学所研究员赵新河解释说。国家司法救助是对遭受犯罪侵害或民事权益受到侵害，无法通过诉讼获得有效赔偿的当事人，采取的辅助性、救助措施。重点解决符合条件的特定案件当事人生活面临的急迫和突出困难，既不对各类案件当事人进行普遍救济，也不包揽解决当事人的全部困难。对同一案件的同一当事人只进行一次性救助。对于能够通过诉讼获得赔偿、补偿的，一般应当通过诉讼渠道解决。
第A06版：,时讯,2016-02/17,供给侧改革下的长垣映像,□记者李敬欣文通讯员张宗桥摄影除港澳台外，31个省市自治区牌照的汽车今年春节期间齐聚长垣县城。在乌鲁木齐做汽车配件生意的高杨，驾着牌照为新AGY808的轿车，边走边玩，2月1日农历“小年”这天回到长垣老家。像高杨一样，驾驶着自己创业、立业之地入户的汽车回长垣老家过年的，从“小年”这天开始，蜂拥而至。大广高速长垣收费站迎来春节前连续5天的车流高峰。平均每天5000辆左右，长垣收费站党支部书记杨洪峰统计，其中一多半是在外务工的长垣人过年开回来的。春节期间，31个省市自治区牌照的汽车都能在长垣街头找到，长垣县公安局交警大队教导员姬鸿鹤说，长垣就像“全国汽车博览会”。开车回老家过年不稀罕，但31个省市自治区牌照的汽车齐聚长垣，“吹牛”吧？一个都不会少，姬鸿鹤信誓旦旦，不信你来看看。春节期间，记者三次到长垣，证实姬鸿鹤所言不虚。从皮卡、面包、中巴到轿车，从五菱到奥迪、路虎、宝马、奔驰，黑A、粤B、川E……31个省市自治区的汽车集结完毕。这么多外地车集聚这里，长垣县发改委主任王子辉解释道，长垣的防腐、起重、卫材、餐饮四大传统行业，加上新兴的汽车及零部件和健康产业，从业人员26万多人，将近全县三分之一人口散布在全国各地，大大小小的老板，谁不开个车？全国各地原来有很多传统产业很知名，但现在不少都销声匿迹。长垣产业名片为何越擦越亮？新乡市委常委、长垣县委书记薄学斌总结道，长垣一直不断提高供给侧的质量和效率，主动适配市场需求，调整产品结构，推动产业转型升级，输出的产业、产品特色鲜明，市场需求持续。起重行业从“龙门吊”到“特种汽车城”，卫材行业从低端的卫生耗材到高端医疗器械，防腐行业从劳务输出到新材料研产销基地，餐饮业则从“厨师之乡”到中原绿色食材生产集散中心，供给侧改革，使长垣县经济逆势增长。初步核算，去年长垣县GDP增长10.1%，高于全省平均水平1.8个百分点；财政收入增长16.6%，高于全省6.7个百分点；城镇和农村居民人均可支配收入分别高于全省1.6和2.1个百分点。大河智库成员、国家发改委综合运输研究所所长汪鸣这样评价，产业集聚、产品辐射，长垣县是国家区域产业双联动战略的一个范本。
第A06版：,时讯,2016-02/17,上半年实现网上缴纳交通违法罚款,第A06版：,时讯,2016-02/17,全省检察长节后“首聚”：今年继续加强查办职务犯罪,第A07版：,社会,2016-02/17,外出打工，儿媳带上 109岁婆婆,□记者李红汛通讯员宁建鹏文图核心提示丨6年前，郏县村民刘其莲的婆婆起床时跌倒造成胯骨骨折，骨折治好后却无法行走。4年前，刘其莲和丈夫到邻乡看管银杏树园，刘其莲不放心将百岁婆婆交给别人，带上婆婆去打工。昨日，记者来到郏县渣元乡下孙村，见到了20年如一日、视婆婆如亲生母亲的好儿媳妇刘其莲。打工看树园，儿媳妇坚持带上百岁婆婆昨日，在下孙村村西一个百亩银杏树园的一角，立着三间红色钢瓦简易房。当记者掀开透明塑料做的防风帘子：屋内暖意融融，燃烧着的蜂窝煤炉旁，轮椅上坐着一位年事已高但精神矍铄的老人。这时，手里掂着一包糖的刘其莲从内屋走出来，将一块糖送到老人嘴里。待记者说明来意，刘其莲谦虚地说：“这有啥，谁都有父母，作为儿媳妇，孝敬公婆是天经地义的事。”刘其莲说，她家住郏县黄道镇门沟村，今年58岁，丈夫今年61岁，是婆婆最小的一个孩子。四年前，她和丈夫白顺安带着婆婆来到离家10多里的下孙村打工看管银杏树园。“当时还为是出去打工还是照顾婆婆犯过难。因为6年前，103岁的婆婆晚上起床方便时跌倒骨折，治好后再也没法行走。如果出去打工，就要将婆婆交给其他妯娌。毕竟婆婆跟我们20年了，她的生活习惯和饮食爱好我都清楚，后来还是决定带上婆婆，这样打工挣钱、照顾婆婆两不误。”“当时婆婆骨折时，医生说俺婆婆这么大岁数，不会再起来了。我不信，就让丈夫卖掉两只羊，为婆婆买来了六七张上好的治疗骨折的膏药，经过半年精心护理，婆婆的骨折好了，但不能行走只能坐轮椅。”刘其莲说。这时，从树园回来的白顺安一进屋就夸上了妻子：“俺媳妇对俺娘就像对待亲生母亲一样，她嫁给俺时，俺娘已经89岁高龄了。20年了，她和俺娘从来没斗过嘴，啥事比我想得还周到。自打俺娘坐上轮椅后，俺每天要出外放羊、种地，都是她为俺娘穿衣脱衣、端吃端喝、护理大小便。4年前，我们来看管百亩银杏树园，又是其莲坚持带着俺娘来打工。”每天出门干活前，她都把婆婆的穿衣、吃饭、大小便处理好刘其莲的婆婆今年已经109岁了。记者看到，老人尽管行动不便，听力不怎么好，但心情高兴，精神很好。在刘其莲夫妇的卧室里，记者发现放着三张床。白顺安告诉记者，他们出来打工不方便带衣柜，里面两张床一张放衣物，一张是老人住的床，这样便于晚上他们护理老人大小便。“出来打工4年多了，媳妇每天总是在把俺娘的穿衣、吃饭、大小便等一切处理好后，再和俺一同到树园里去干活。老人身体硬朗，这多亏了媳妇的细心照料。”白顺安说。说起婆婆，刘其莲回忆说：“门沟村地处山岗，吃水比较困难。一次洗衣服时，婆婆发现俺放的洗衣粉太多、用水过多，不容解释就骂俺是败家子，不会过日子。说实在话，俺当时非常恼火，但仔细想想，婆婆已八九十岁了，不能跟老人一样儿。这事发生后，俺就像没有发生一样，还和之前一样孝敬婆婆。”正说着，刘其莲转脸告诉丈夫：“这几天，咱娘食欲特别好，春节前嚷着要吃糖块，我买了一些，每天让她吃一两块。也不敢让她多吃，吃多了老年人喉咙会生痰。”提到刘其莲孝敬婆婆的事，门沟村党支部书记门群祥在电话中告诉记者，老人今年已经有109岁了，身体仍这么健康，跟老人有个好儿媳妇有很大关系。刘其莲孝敬婆婆20年确实不易。门沟村每年春节前都举行敬老报恩节，刘其莲年年都被评为“好媳妇”，受到村两委会的表彰。
第B08版：,天天健康,2016-02/17,别慌！这就是“寨卡”,□记者李晓敏值班主任丁艳敏统筹王芷荭责编刘静美编李庆琦核心提示|2月15日，我国内地又确诊一例寨卡病毒病输入性病例，至此，我国的“寨卡病人”达到两位。“寨卡病毒”是一种什么样的病毒？传播途径是什么？我省的传播风险高吗……针对读者关心的种种问题，昨天，记者专门采访了省疾控中心的专家。“寨卡”身世A这种病毒不年轻，至今已经“69岁”2016年2月9日，我国内地确诊首例寨卡病毒病输入性病例。该病例患者，男，34岁，江西省赣州市赣县人，为广东省东莞市某公司工作人员，发病前有委内瑞拉旅行史（委内瑞拉为寨卡病毒疫情发生国）。2月14日，患者痊愈出院。2月15日，我国内地确诊第2例寨卡病毒病输入性病例。该病例为广州白云国际机场口岸现场检出，后经中国疾控中心实验室确认。该病例患者回国前曾在委内瑞拉工作3年多。谈及“寨卡病毒”，很多人都会说，自己是春节前后才第一次听说。那么，这是一种新病毒吗？“不是。”河南省疾控中心传染病预防控制所副所长黄学勇说，寨卡病毒于1947年首次在乌干达从恒河猴体内被发现。1952年，在乌干达和坦桑尼亚的人体中分离到该病毒。此后，多个国家有少量散发病例报道。2007年，西太平洋国家密克罗尼西亚的雅普岛发生首次寨卡病毒疫情暴发。这次“寨卡病毒”进入公众视野，最开始是因为2015年5月巴西报告本轮疫情首例病例，截至2016年2月15日，已有35个国家和地区报告本地感染病例，多个欧洲、亚洲、北美国家和地区报告输入病例。目前，我国大陆报告2例委内瑞拉输入的病例，台湾地区报告1例自泰国输入的病例，港澳地区尚无寨卡病毒病病例报告。“寨卡”威力B孕妇感染或致新生儿小头畸形寨卡病毒病是由寨卡病毒引起并通过蚊媒传播的一种自限性急性疾病。目前，国际上对寨卡病毒及寨卡病毒病的研究尚未取得深入进展，因此对其的认知较为有限。河南省疾控中心传染病预防控制所流行病室主任苏佳说，虽然目前人类对寨卡病毒的认知有限，但寨卡病毒与引发登革热的登革病毒、引发西尼罗热的西尼罗病毒同属黄病毒。因此，在病原学、流行病学、临床特征等方面具有较大的相似性。寨卡病毒病的可能传染源为患者、隐性感染者和感染寨卡病毒的非人灵长类动物（如大猩猩、恒河猴等）。该病主要传播媒介为埃及伊蚊、白纹伊蚊、非洲伊蚊、黄头伊蚊等多种伊蚊属蚊虫。该病的传播途径主要为蚊媒传播，即蚊子叮咬寨卡病毒感染者而被感染，其后再通过叮咬的方式将病毒传染给其他人；此外，寨卡病毒的传播方式还包括母婴传播、输血传播和性传播（罕见）。感染过寨卡病毒的人可能产生一定的免疫力，但由于该病在本次南美流行前病例很少，因此包括孕妇在内的各类人群都对其普遍易感。寨卡病毒病的潜伏期尚不明确，但有限的资料提示可能为3~12天。人感染寨卡病毒后，仅20%出现症状，且症状较轻，主要表现为发热（多为中低度发热）、皮疹（多为斑丘疹），并可伴有非化脓性结膜炎、肌肉和关节痛、全身乏力以及头痛，少数患者可出现腹痛、恶心、腹泻、黏膜溃疡、皮肤瘙痒等。症状持续2~7天缓解，预后良好，重症与死亡病例罕见。苏佳说，虽然该病绝大部分患者病情轻微，但少数患者可出现神经系统和自身免疫系统并发症（如格林-巴利综合征等）。另外，在本轮寨卡病毒疫情发生时，巴西等国新生儿小头畸形病例数显著增加，加之近期美国科学家从小头畸形死亡患儿脑部检测到寨卡病毒核酸，世界卫生组织（WHO）认为，新生儿小头畸形、可能与寨卡病毒感染有关。我省状况C传播风险低、可检测、能应对黄学勇介绍，目前，寨卡病毒病已在45个国家和地区出现。我省与包括巴西、委内瑞拉、泰国、印尼在内的众多出现疫情的国家和地区存在广泛人员往来，因此不能完全排除病例输入我省的可能。“不过，目前我省的寨卡病毒病疫情风险很低，且绝大部分病例症状轻微，预后良好，公众完全无需恐慌。”黄学勇说，寨卡病毒的主要传播媒介为埃及伊蚊，此种伊蚊在我国的分布仅限于海南、广东和云南的部分地区。我省广泛分布的白纹伊蚊在传播寨卡病毒的能力和意义上弱于埃及伊蚊，且其主要出现在气温和湿度较高的夏秋季。不过，虽然风险低，但我省高度关注，目前，省卫计委正组织专家开展寨卡病毒病疫情风险评估。同时，我省已与口岸检疫部门建立联系，合作开展输入性病例的监测和排查工作。此外，黄学勇介绍，目前省疾控中心已具备寨卡病毒实验室检测能力，在借鉴以往登革热疫情防控经验和国家有关防控方案的指导下，完全能够有效应对寨卡病毒病疫情。此外，我省还正着手在省内建立监测哨点，计划开展有针对性的病例监测工作。同时，苏佳提醒，公众（特别是已怀孕或计划怀孕的妇女）近期应尽量避免到寨卡病毒病流行或有病例报告的国家和地区旅行，如果必须前往，一定要做好避免蚊虫叮咬的预防措施。同时，有自寨卡病毒病流行或有病例报告的国家和地区回国的人员，在两周内出现发热（多为中低度发热）、皮疹（多为斑丘疹）、关节痛、肌肉痛、结膜炎等症状时，应及时到正规医疗机构就诊，并主动说明上述旅行史。接诊发热患者的医务人员在做出疑似寨卡病毒病病例诊断前，应详细了解患者是否具有发病前14天内在有寨卡病毒感染病例报告或流行地区旅行或居住的流行病学史，并尽量排除登革热等类似疾病诊断。
第B07版：,慢病,2016-02/17,腰椎管狭窄，你了解多少?,□记者林辉通讯员乔海洋核心提示|老陈今年67岁，从前年开始出现腰腿痛的毛病，奇怪的是“骑车时不痛，走路时相当难受”。到医院做了腰椎CT检查后，被确诊为腰椎管狭窄症。住院进行超微创椎间孔镜治疗后症状消失。老陈始终有个疑问：腰椎管狭窄症和腰椎间盘突出症到底是不是一回事？河南省直第三人民医院椎间盘诊疗中心主任周红刚说，大约20%的腰腿疼痛患者是因腰椎管狭窄症所致，并非单纯的腰突症。如骑车时身体前倾腰痛症状改善，但站立或向后伸腰时疼痛加重，很可能患了腰椎管狭窄症。如有腰腿痛方面的困惑，可拨打电话0371-68690000咨询。常常被误认为“腰突症”“腰椎管狭窄症与腰椎间盘突出症虽然都是由于腰椎发生病变压迫神经引起腰腿痛，但性质不同。”周红刚介绍说，腰突症多见于青壮年，患者起病较急，反复发作、时好时坏，腰痛合并有放射性下肢痛，在咳嗽、打喷嚏、排便等增加腹压时，会导致下肢疼痛加重。而腰椎管狭窄症以中老年人最为常见，那些平时少锻炼、不注意坐姿和站姿等人群，腰椎管狭窄会提早出现。腰椎管狭窄症最典型的表现就是间歇性跛行，这类患者常常步行几十米就会有腰腿痛、下肢麻木酸胀感，需要休息一会儿才能继续步行。而身体前倾时会比较舒服，后仰就会痛。这些患者路走不了，骑车几小时倒没问题。“出现这种现象的原因要从腰椎管的结构解释，椎管由五个椎体构成，随着年龄增加，软骨丢失、骨刺增生都会让椎管变狭窄，引起神经压迫，导致腰腿痛。”周红刚说，当身体向前倾或向前弯腰，如骑车就会增加椎管和椎间孔的空间，腰痛减轻；相反，向后伸腰则减少了腰椎管和椎间孔的空间，挤压了脊柱周围神经，所以疼痛的感觉就会越发明显。有治疗指征需积极治腰椎管狭窄最好的治疗方法就是扩大椎管。然而，椎管狭窄不是某一部分单纯狭窄，往往是从前后左右多个方向同时向椎管内挤压造成的。对于早期较轻度的狭窄该怎么治疗呢？“早期可以采用保守治疗，包括休息，腰背部肌肉的功能锻炼等。”周红刚说，有很多患者提出能否做微创手术，这就要看什么原因引起的狭窄，如果是单纯的椎间盘突出原因引起的，没有严重的黄韧带和骨性原因引起的狭窄是可以考虑微创解决的。近10年来，微创脊柱外科技术得到了迅速发展，显微镜技术的发展，一些特殊手术器械的出现，尤其是椎间孔镜和镜下动力磨钻的问世，使外科医生通过一个小切口就可以完成以往的外科手术。“在治疗腰椎管狭窄症时通过椎间孔镜和镜下动力磨钻相结合可完美解决病痛。”周红刚介绍，椎间孔镜是从患者侧方入路，通过正常的生理解剖通道椎间孔置入椎管内，不破坏脊柱结构，最大限度保持了脊柱的稳定性。而镜下动力磨钻用于切除软组织和骨头，根据组织类型和手术部位，选择不同的刀头通过椎间孔镜直视下柔和、平顺地切削骨与软组织，处理椎管狭窄、韧带肥厚具有得天独厚的优势。此外，对于严重的黄韧带肥厚造成的狭窄和关节增生形成的骨性椎管狭窄患者，同样可以经过微创进行治疗。周红刚表示，随着现代微创脊柱外科手术的发展，腰椎管狭窄的微创化治疗已经是一种新的发展趋势。尤其是先进的宽通道后路镜系统，是专门针对以上特殊椎管狭窄的患者量身定制的治疗方法。
第B07版：,慢病,2016-02/17,绝经10年又“见红”?原来是子宫内膜癌,□记者李晓敏60岁的刘女士怎么也没想到，自己绝经10年后又“见红”。去医院一查，医生发现，她患了子宫内膜癌。“临床中这样的例子并不少见。”郑州大学第一附属医院妇科主任医师韩丽萍说，随着医学知识的普及，越来越多的女性开始重视妇科生殖系统肿瘤的预防和筛查。但是近年来发生率明显上升且趋于年轻化的子宫内膜癌也应得到更多的关注，特别是围绝经期及绝经后的中老年妇女更应高度警惕。韩丽萍介绍，子宫内膜癌作为女性生殖系统常见恶性肿瘤之一，发达国家中发病率居女性生殖道恶性肿瘤首位，死亡率居第二位。多见于老年妇女，高发年龄50~60岁，由于人类寿命延长和肥胖人群居多，近20年间子宫内膜癌发病率居高不下，而死亡率也明显上升。在我国，随着经济水平的提升，人们生活习惯及饮食结构的改变、非正规的激素替代治疗和性激素滥用等，子宫内膜癌发生率明显上升，且趋于年轻化，成为严重威胁女性健康的生殖道恶性肿瘤。“肥胖、无排卵性不孕、延迟绝经（52岁后绝经）；糖尿病、高血压；多囊卵巢综合征等患者是子宫内膜癌的高危人群。”韩丽萍说，如果女士绝经后阴道出血、围绝经期妇女月经紊乱、40岁以下妇女月经紊乱或月经量增多等，要及时去医院排查，约70%以上的子宫内膜癌患者就诊时病变局限于子宫体，处于早期，只要患者重视一些早期信号，及时就诊，及时诊断，及时治疗，效果非常好。她提醒，高危人群应该每年定期妇科检查，同时要迈开腿、管住嘴，改变生活习惯，节制饮食，加强锻炼，通过控制高血压、糖尿病、肥胖等“富贵病”的发生减少子宫内膜癌的发病率。
